date1,date2,date3,date 4,date 5,date 6,date 7,Dummy 1,Dummy 2,Dummy 3
3/6/11,01/17/1967,2/28/2013,04 Jun 2010,15-01-11,06-10-18,June 05 2018,a,1334,0.9441379724
8/19/10,04/22/1966,6/15/2014,08 Jul 2017,16-04-3,04-02-15,October 07 2013,a,1335,0.280345265
3/14/10,09/30/1965,5/28/2012,09 Mar 2013,16-05-9,06-04-17,January 01 1970,a,1336,0.6851729693
9/4/10,05/25/1966,8/10/2014,10 May 2013,14-03-11,07-12-12,January 01 1970,a,1337,0.6505652987
8/18/10,04/09/1966,12/28/2014,04 May 2013,15-04-2,10-03-13,March 05 2014,a,1338,0.3734796602
7/23/10,03/12/1966,9/8/2014,06 Sep 2018,12-11-3,01-02-14,February 01 2017,a,1339,0.9450930568
5/3/10,12/05/1965,10/4/2012,03 Sep 2012,12-10-12,06-06-17,August 01 2011,a,1340,0.5381357046
1/6/08,03/01/1965,4/11/2010,05 Mar 2012,70-01-1,01-09-15,August 11 2010,a,1341,0.5455006021
10/31/10,08/07/1966,4/18/2012,02 Jun 2015,18-04-10,09-09-11,January 01 1970,a,1342,0.7160137608
11/27/10,10/16/1966,6/1/2013,08 Feb 2014,10-05-12,09-08-10,January 01 1970,a,1343,0.923300285
12/28/10,01/02/1967,3/10/2014,01 Jan 1970,12-11-2,09-11-12,May 07 2018,a,1344,0.9620001795
9/11/10,05/25/1966,2/25/2014,05 Apr 2015,11-02-6,11-03-11,November 11 2014,a,1345,0.6823410252
10/8/11,12/24/1967,10/31/2111,07 May 2017,13-05-12,07-07-10,February 10 2013,a,1346,0.8267304702
5/7/13,06/15/1968,11/13/2010,02 Jan 2013,12-01-8,11-07-14,June 04 2018,a,1347,0.6511487255
12/16/11,02/03/1968,6/30/2010,07 Dec 2013,19-06-3,09-12-10,March 03 2012,a,1348,0.2080839703
7/18/11,11/07/1967,9/2/2011,01 Jan 1970,18-05-1,10-05-11,June 01 2013,a,1349,0.3621082433
4/14/09,06/24/1965,4/2/2012,02 Jul 2013,70-01-1,02-09-18,October 09 2014,a,1350,0.9082582941
3/15/11,02/13/1967,10/31/2143,05 Sep 2014,13-09-9,01-01-70,July 02 2013,a,1351,0.9309729232
1/28/08,03/03/1965,1/26/2015,05 Feb 2017,70-01-1,09-03-15,May 06 2018,a,1352,0.4777401791
8/28/10,05/09/1966,10/31/2120,06 Apr 2013,16-09-9,06-10-15,January 01 1970,a,1353,0.4833385313
9/1/12,05/02/1968,10/31/2094,02 Jan 2015,12-04-1,01-08-14,January 01 2016,a,1354,0.7541615191
10/25/10,08/01/1966,9/5/2012,02 Nov 2016,10-09-8,11-03-15,January 01 1970,a,1355,0.1632746716
4/14/09,06/23/1965,9/26/2015,01 Jan 1970,70-01-1,12-08-10,May 01 2013,a,1356,0.5883059329
8/14/07,02/04/1965,4/25/2010,06 Aug 2011,34-07-10,07-06-15,August 03 2017,a,1357,0.4542449743
2/18/11,01/11/1967,12/31/2010,06 Oct 2011,11-11-3,01-01-70,July 10 2022,a,1358,0.7520703512
12/25/12,05/19/1968,1/25/2012,08 Feb 2015,14-02-10,01-01-70,May 09 2016,a,1359,0.849517305
6/2/11,09/08/1967,12/2/2011,03 Jul 2013,18-05-7,12-08-15,November 01 2012,a,1360,0.7300904196
7/21/08,04/11/1965,6/23/2016,12 Nov 2017,70-01-1,01-01-70,September 09 2012,a,1361,0.271820653
1/11/11,01/03/1967,6/28/2013,06 Mar 2010,16-02-12,05-01-13,August 03 2017,a,1362,0.7114021618
5/24/10,01/28/1966,10/31/2181,06 Mar 2015,18-08-4,06-02-16,August 01 2018,a,1363,0.3741093623
8/21/10,04/23/1966,11/23/2013,11 May 2014,11-10-9,01-11-11,March 07 2015,a,1364,0.1829273023
7/19/11,11/11/1967,8/19/2016,04 Feb 2015,15-02-7,11-06-18,July 11 2015,a,1365,0.9151446121
12/2/11,01/20/1968,7/19/2010,01 Jan 1970,12-01-7,08-05-15,January 08 2017,a,1366,0.2006832607
9/5/07,02/05/1965,10/31/2041,01 Jan 1970,70-01-1,10-09-15,August 08 2017,a,1367,0.7145692166
9/27/10,06/09/1966,8/12/2010,10 Apr 2014,16-03-10,05-07-17,June 07 2015,a,1368,0.6391382298
6/23/13,07/22/1968,10/31/2130,05 Nov 2014,16-05-11,01-01-70,June 11 2012,a,1369,0.1084408597
7/6/11,10/12/1967,6/16/2010,09 Jan 2011,11-08-4,09-11-14,September 12 2015,a,1370,0.6255916414
9/29/10,06/15/1966,3/9/2014,10 Jul 2035,14-11-11,07-10-29,March 12 2017,a,1371,0.6133140578
5/30/10,02/05/1966,1/8/2012,10 Jul 2021,13-04-5,03-07-16,September 08 2017,a,1372,0.0200296843
2/8/10,09/17/1965,6/25/2017,03 Jun 2018,15-01-11,10-07-15,April 03 2011,a,1373,0.6935826965
11/20/10,09/12/1966,7/30/2012,06 Nov 2016,16-11-6,03-02-14,October 06 2011,a,1374,0.3599462847
6/14/12,04/01/1968,9/29/2014,09 May 2014,15-05-8,06-07-18,February 11 2014,a,1375,0.41935801
11/4/10,08/18/1966,11/8/2015,11 Feb 2012,11-01-11,05-08-17,May 08 2017,a,1376,0.203280134
4/21/11,04/01/1967,10/31/2194,05 Mar 2014,15-02-5,07-03-13,July 04 2013,a,1377,0.7798218318
11/4/10,08/17/1966,10/31/2201,10 Feb 2017,13-03-8,01-02-17,May 04 2016,a,1378,0.8920268973
12/23/11,02/06/1968,7/22/2012,04 Jul 2011,13-01-6,01-01-70,January 01 1970,a,1379,0.0716616256
9/7/09,07/25/1965,2/9/2015,12 Dec 2011,11-08-1,01-01-70,September 07 2011,a,1380,0.5842867149
4/29/11,06/01/1967,10/31/2185,05 Aug 2015,17-01-6,01-01-70,June 01 2013,a,1381,0.3493391834
5/18/11,08/12/1967,10/31/2116,06 May 2010,11-05-2,03-11-14,July 10 2034,a,1382,0.541562613
5/17/11,07/30/1967,11/7/2015,04 Aug 2018,16-05-2,03-04-17,November 06 2012,a,1383,0.6355657078
5/19/11,08/18/1967,2/12/2013,02 Oct 2013,12-03-3,03-09-11,May 06 2011,a,1384,0.9905785287
4/16/10,11/16/1965,7/1/2012,02 Jul 2012,14-09-5,03-10-18,May 02 2014,a,1385,0.543854321
5/30/10,02/09/1966,1/7/2014,11 Feb 2014,12-10-6,04-06-15,January 01 1970,a,1386,0.9280493779
3/13/11,02/09/1967,10/15/2011,02 Feb 2018,12-02-11,01-06-13,January 01 1970,a,1387,0.7656858085
5/31/13,07/02/1968,9/10/2016,04 Aug 2011,14-07-8,01-01-14,October 07 2013,a,1388,0.3977593361
4/17/13,06/01/1968,8/31/2010,10 Jul 2031,15-07-2,01-06-13,February 05 2012,a,1389,0.1572772915
10/15/11,12/27/1967,2/1/2011,01 Jan 1970,15-09-12,10-07-11,January 09 2015,a,1390,0.0450606252
10/19/08,05/26/1965,10/31/2198,02 Apr 2015,70-01-1,02-05-12,January 07 2014,a,1391,0.5671498081
9/15/09,07/29/1965,1/16/2016,06 Apr 2013,16-06-1,07-10-16,July 06 2015,a,1392,0.426965294
1/24/13,05/24/1968,2/16/2017,08 Oct 2011,15-10-9,02-06-10,January 07 2015,a,1393,0.3408714851
1/18/13,05/24/1968,5/4/2012,07 Sep 2011,10-06-4,07-11-10,November 07 2016,a,1394,0.1379591252
7/17/11,11/04/1967,10/31/2167,07 Jan 2016,14-01-10,04-02-13,December 12 2012,a,1395,0.6461391201
4/1/10,11/03/1965,8/17/2014,09 Oct 2015,17-09-1,07-09-15,March 08 2013,a,1396,0.7561095416
9/4/07,02/04/1965,11/21/2015,04 Mar 2017,70-01-1,01-01-70,February 06 2010,a,1397,0.1004979101
4/16/11,03/27/1967,9/9/2012,02 May 2016,15-04-7,05-08-15,February 05 2017,a,1398,0.7001773364
5/11/11,07/04/1967,11/21/2012,01 Jan 1970,14-03-11,06-12-14,May 11 2014,a,1399,0.9147679882
5/17/11,07/29/1967,8/16/2014,06 Jun 2012,15-08-11,01-07-11,April 06 2013,a,1400,0.5715828112
3/26/11,02/20/1967,8/7/2012,09 Aug 2012,10-09-9,04-06-14,July 10 2016,a,1401,0.2666938276
3/15/10,10/03/1965,10/31/2073,09 May 2012,17-09-8,06-02-18,January 08 2012,a,1402,0.4960467598
5/3/10,12/04/1965,6/10/2014,09 Aug 2010,18-04-1,02-11-15,December 04 2012,a,1403,0.0490743877
5/2/10,11/28/1965,11/7/2010,12 Feb 2016,13-12-3,12-07-16,January 01 1970,a,1404,0.5116298353
11/4/10,08/20/1966,4/11/2013,06 Jun 2015,15-04-10,06-10-17,June 12 2015,a,1405,0.6279516693
8/6/08,04/18/1965,4/27/2015,03 Jun 2019,70-01-1,06-06-17,September 11 2012,a,1406,0.8820736059
7/20/10,03/06/1966,11/3/2013,01 Jan 1970,11-01-2,09-02-15,March 07 2012,a,1407,0.9682297038
5/19/11,08/16/1967,10/31/2086,07 Nov 2016,16-04-12,01-01-70,April 05 2012,a,1408,0.6922406861
11/2/12,05/16/1968,3/19/2016,05 Dec 2016,12-06-11,07-09-15,December 01 2018,a,1409,0.7977351398
5/27/13,06/25/1968,11/24/2013,06 Dec 2012,19-07-3,12-08-15,May 10 2011,a,1410,0.4559017742
3/10/11,01/28/1967,2/23/2015,03 Jul 2013,18-02-2,09-07-10,July 09 2011,a,1411,0.7658317565
11/25/10,09/28/1966,2/5/2016,03 Sep 2015,14-10-6,03-05-17,September 05 2014,a,1412,0.3610968895
10/31/10,08/16/1966,11/15/2013,02 Jan 2016,16-10-2,06-05-18,January 01 1970,a,1413,0.858354168
9/4/10,05/23/1966,10/30/2010,10 Jul 2036,15-01-4,11-01-12,January 01 1970,a,1414,0.2652891195
4/2/10,11/05/1965,1/15/2015,01 Jan 1970,19-01-2,01-01-70,January 01 1970,a,1415,0.3425660902
5/29/13,07/02/1968,10/31/2104,01 Jan 1970,17-11-6,01-01-70,December 12 2011,a,1416,0.9129874083
9/30/10,06/23/1966,4/6/2010,03 Aug 2011,14-04-8,09-12-13,December 10 2016,a,1417,0.7529070698
5/6/13,06/13/1968,10/31/2064,01 Jan 1970,12-09-5,01-01-70,January 02 2015,a,1418,0.8745107393
4/25/13,06/08/1968,6/1/2015,04 Nov 2010,11-12-3,05-09-12,January 01 1970,a,1419,0.8656541067
3/12/10,09/25/1965,5/26/2010,09 Jul 2014,11-01-12,05-05-16,February 10 2017,a,1420,0.5156899874
9/21/09,08/01/1965,3/17/2016,01 Apr 2012,13-03-4,11-01-12,January 01 1970,a,1421,0.7662638707
5/28/11,09/01/1967,8/6/2015,04 Dec 2015,17-06-7,11-02-12,November 06 2016,a,1422,0.7200411946
7/7/11,10/12/1967,8/26/2010,06 Jul 2011,14-07-10,02-10-13,September 02 2014,a,1423,0.9436316669
5/10/11,07/01/1967,2/5/2011,11 Nov 2014,11-01-2,04-01-18,October 06 2018,a,1424,0.7375611421
1/21/10,08/20/1965,10/31/2166,01 Jan 1970,13-11-4,01-06-17,July 10 2028,a,1425,0.4316460865
9/27/12,05/14/1968,5/5/2016,04 Jul 2017,17-05-3,08-06-18,June 04 2013,a,1426,0.4458597955
6/24/13,07/25/1968,10/5/2015,02 May 2014,11-07-9,01-01-70,August 06 2018,a,1427,0.858641327
4/17/13,06/02/1968,9/21/2015,08 Feb 2015,15-11-5,09-11-16,January 01 1970,a,1428,0.3272110321
5/3/10,12/09/1965,5/19/2015,01 Jan 1970,17-02-3,09-05-14,January 01 1970,a,1429,0.6337499555
4/15/13,05/30/1968,12/10/2012,07 Mar 2014,11-05-10,01-01-70,September 04 2017,a,1430,0.4344450584
10/31/07,02/16/1965,4/8/2017,10 Feb 2013,70-01-1,01-01-70,January 01 1970,a,1431,0.8394847985
5/18/11,08/13/1967,2/9/2014,01 Jan 1970,13-01-7,03-09-13,January 01 1970,a,1432,0.0986686454
3/16/08,03/06/1965,10/27/2012,08 Jan 2012,70-01-1,01-01-70,March 01 2015,a,1433,0.3757438713
12/29/12,05/19/1968,10/31/2159,04 Jul 2012,15-04-9,05-10-15,December 08 2010,a,1434,0.8024995592
3/30/10,10/28/1965,3/26/2012,03 Aug 2016,17-02-1,04-05-15,June 03 2015,a,1435,0.309882541
11/7/10,08/26/1966,10/31/2025,05 Mar 2016,10-09-4,01-01-70,March 09 2011,a,1436,0.8213290746
10/25/11,12/27/1967,10/31/2139,12 Oct 2011,11-07-4,03-11-12,December 10 2012,a,1437,0.7880910973
5/10/10,01/13/1966,2/6/2015,10 Feb 2013,17-07-4,01-01-70,December 11 2017,a,1438,0.5430044254
12/11/07,02/25/1965,10/31/2121,12 Oct 2017,70-01-1,09-08-12,March 02 2013,a,1439,0.719492075
9/29/10,06/22/1966,1/3/2015,11 Feb 2012,11-07-4,01-01-70,January 07 2012,a,1440,0.6920086559
7/22/11,11/17/1967,8/13/2011,02 Jun 2018,12-06-10,07-03-17,February 10 2014,a,1441,0.8050246996
5/22/13,06/20/1968,10/31/2103,08 Oct 2010,12-10-8,09-09-16,January 02 2018,a,1442,0.598801762
6/27/07,01/16/1965,11/4/2016,08 Nov 2011,24-07-10,12-01-11,July 03 2013,a,1443,0.1147267835
4/21/11,04/01/1967,9/3/2012,06 Oct 2014,14-02-7,01-01-70,July 02 2014,a,1444,0.7549446962
6/22/11,09/26/1967,9/4/2014,12 Apr 2018,12-11-1,01-02-18,April 05 2014,a,1445,0.7948062139
3/11/10,09/22/1965,1/14/2011,01 Jan 2018,16-06-10,04-06-10,October 11 2011,a,1446,0.0389804622
1/30/11,01/05/1967,8/17/2016,07 Apr 2015,10-05-2,04-08-13,December 09 2017,a,1447,0.6068228255
10/31/10,08/15/1966,2/20/2017,01 Feb 2016,17-06-1,01-01-70,September 07 2015,a,1448,0.2724927137
11/30/10,11/12/1966,10/10/2014,05 Sep 2012,13-03-4,01-01-70,April 07 2015,a,1449,0.0821830991
1/27/12,02/20/1968,10/31/2020,01 Feb 2012,16-09-11,10-12-12,August 03 2016,a,1450,0.3828479372
2/16/11,01/07/1967,10/31/2024,07 Jan 2014,15-01-4,01-01-70,January 02 2017,a,1451,0.0281144257
2/14/11,01/06/1967,10/31/2098,10 Dec 2011,12-07-12,11-07-15,January 01 1970,a,1452,0.2462332897
3/18/10,10/10/1965,10/21/2010,08 Jun 2012,11-03-4,05-02-16,March 11 2012,a,1453,0.7988475224
12/9/10,12/02/1966,7/6/2017,04 May 2014,15-09-9,03-09-12,October 02 2016,a,1454,0.7279519132
5/27/11,08/30/1967,2/23/2011,07 Mar 2018,18-05-1,01-01-70,July 10 2029,a,1455,0.4779247908
10/12/11,12/25/1967,2/22/2015,07 Apr 2012,18-09-6,06-11-15,March 05 2012,a,1456,0.2388557507
5/18/11,07/30/1967,10/31/2150,01 Jul 2013,17-07-1,01-01-70,January 01 1970,a,1457,0.8432788669
12/16/11,02/03/1968,10/31/2125,01 Jan 1970,14-02-8,09-10-14,July 12 2015,a,1458,0.0522670266
7/26/10,03/17/1966,10/31/2106,12 Sep 2010,15-01-10,05-06-10,January 01 1970,a,1459,0.4595153986
9/4/10,05/20/1966,3/20/2011,11 Sep 2013,12-09-8,06-04-13,January 02 2016,a,1460,0.6674484466
9/20/09,07/29/1965,4/6/2017,09 Mar 2013,11-03-3,06-08-15,June 08 2017,a,1461,0.8698885665
7/22/11,11/19/1967,11/27/2015,09 Jan 2015,12-06-6,11-06-16,September 01 2013,a,1462,0.9654386436
5/3/11,06/10/1967,7/18/2017,05 Apr 2015,16-08-4,05-07-12,February 10 2017,a,1463,0.0040003613
9/1/11,12/10/1967,1/20/2010,01 Jan 1970,13-01-3,02-06-12,May 04 2010,a,1464,0.8429030495
4/25/11,05/11/1967,5/9/2012,03 Apr 2018,12-12-10,01-01-70,January 05 2015,a,1465,0.2999132642
5/8/13,06/17/1968,10/31/2096,10 Jan 2015,12-08-1,03-05-14,March 05 2016,a,1466,0.4499057962
4/6/07,01/05/1965,1/29/2013,10 May 2013,18-07-10,07-06-14,December 01 2011,a,1467,0.8659748069
7/4/11,10/08/1967,8/5/2012,10 Jun 2013,13-04-8,06-03-17,February 12 2016,a,1468,0.1245415268
5/27/10,02/03/1966,2/21/2012,11 Aug 2010,15-07-12,01-01-70,June 10 2017,a,1469,0.3649713433
11/17/10,09/11/1966,4/10/2016,07 Feb 2014,10-01-10,03-01-16,March 05 2012,a,1470,0.6202782521
10/12/07,02/07/1965,4/5/2016,01 Jan 1970,70-01-1,01-01-70,July 07 2011,a,1471,0.8519634754
9/30/10,06/27/1966,11/25/2010,07 Feb 2014,15-02-11,03-02-14,February 01 2013,a,1472,0.3259241713
1/25/10,09/04/1965,10/22/2010,12 Aug 2011,13-02-7,12-01-14,October 03 2014,a,1473,0.7849455747
3/12/11,02/07/1967,1/12/2014,07 Jan 2012,12-04-10,09-01-17,September 04 2015,a,1474,0.692720225
9/2/12,05/02/1968,5/11/2015,10 Nov 2012,17-07-2,04-12-13,January 01 1970,a,1475,0.7093527414
12/8/11,01/29/1968,4/19/2011,01 Jan 1970,14-10-11,09-02-14,April 03 2018,a,1476,0.9396263863
4/17/13,06/03/1968,10/26/2015,04 May 2015,17-06-4,01-01-70,January 09 2010,a,1477,0.5329458075
10/31/11,12/31/1967,11/23/2013,10 Jul 2018,12-07-8,10-03-14,January 01 1970,a,1478,0.8983334673
5/31/08,03/30/1965,10/31/2129,06 Jul 2015,70-01-1,06-12-12,January 01 1970,a,1479,0.3646866978
3/11/10,09/22/1965,10/31/2191,02 Mar 2014,15-06-10,11-10-11,December 02 2013,a,1480,0.2831084989
8/24/08,04/27/1965,9/19/2013,01 Feb 2015,70-01-1,10-02-16,October 05 2011,a,1481,0.797397444
7/22/11,11/19/1967,5/18/2016,11 Aug 2015,18-04-2,03-03-14,April 05 2012,a,1482,0.4197083366
1/18/11,01/05/1967,1/28/2010,01 Jan 1970,14-12-8,01-02-16,April 12 2012,a,1483,0.2698863847
11/1/07,02/17/1965,3/20/2016,05 Oct 2011,70-01-1,06-08-17,December 05 2015,a,1484,0.372661155
3/29/10,10/18/1965,12/15/2016,01 Jan 1970,15-05-1,07-09-14,January 01 1970,a,1485,0.0482314253
12/6/11,01/29/1968,9/4/2013,01 Apr 2014,17-04-7,01-02-11,July 04 2011,a,1486,0.5182038882
5/8/09,07/03/1965,7/30/2017,04 Jun 2015,12-11-12,04-05-14,August 10 2016,a,1487,0.7760336266
4/30/11,06/01/1967,10/31/2078,05 May 2012,13-05-7,01-10-14,May 05 2015,a,1488,0.637754728
4/16/11,03/26/1967,11/14/2011,01 Jan 1970,13-07-4,01-07-14,June 07 2014,a,1489,0.794588673
8/1/11,11/27/1967,2/11/2015,01 Jan 1970,16-01-3,11-11-14,September 12 2014,a,1490,0.9633454622
3/22/07,01/04/1965,8/10/2012,01 Apr 2019,17-07-10,05-02-11,January 01 1970,a,1491,0.0577613522
3/7/11,01/20/1967,7/23/2015,12 Sep 2014,11-11-8,03-02-13,February 08 2011,a,1492,0.5759458254
5/18/11,08/09/1967,12/12/2012,07 Sep 2015,15-12-8,03-09-11,January 01 1970,a,1493,0.9991578623
8/28/10,05/15/1966,10/31/2090,01 Jan 1970,18-04-11,04-11-17,October 09 2015,a,1494,0.0059883179
7/17/11,11/04/1967,10/27/2016,03 Jul 2017,10-11-4,10-10-11,November 09 2013,a,1495,0.0962183325
6/2/11,09/09/1967,10/20/2015,01 Jan 2018,18-01-1,10-12-17,June 10 2013,a,1496,0.9543369898
8/25/08,04/29/1965,2/29/2012,11 Apr 2018,70-01-1,01-01-14,January 01 1970,a,1497,0.4644693515
8/1/10,03/27/1966,6/30/2015,07 Nov 2014,14-06-8,04-12-16,March 07 2018,a,1498,0.5456939202
1/2/11,01/02/1967,8/24/2014,01 Jan 1970,13-01-6,03-06-15,January 01 1970,a,1499,0.8538280137
4/25/11,04/13/1967,6/21/2016,06 Apr 2017,14-05-9,06-10-13,October 06 2014,a,1500,0.1599996491
3/15/11,02/14/1967,3/11/2015,09 Jan 2015,17-04-3,08-03-17,September 03 2014,a,1501,0.9816591673
5/11/11,07/06/1967,6/6/2010,01 Jan 1970,14-05-11,01-01-70,January 01 1970,a,1502,0.4028102604
2/5/08,03/03/1965,10/31/2178,06 Mar 2012,70-01-1,03-10-16,October 11 2014,a,1503,0.3018302184
11/8/09,08/12/1965,5/28/2013,05 Apr 2016,12-07-9,11-10-13,January 11 2012,a,1504,0.5782687873
5/3/11,06/14/1967,12/15/2010,05 Apr 2014,15-12-4,01-01-70,December 09 2013,a,1505,0.1826703443
4/27/11,05/27/1967,10/31/2102,04 Nov 2013,17-05-8,05-12-14,July 06 2013,a,1506,0.5692926377
4/15/09,06/27/1965,3/31/2015,04 May 2010,70-01-1,01-01-70,January 01 1970,a,1507,0.7616233618
1/21/10,08/21/1965,10/31/2157,01 Jan 1970,15-12-3,09-04-15,December 06 2016,a,1508,0.3915740785
5/28/13,06/26/1968,10/6/2015,01 Feb 2017,15-01-9,03-01-13,July 10 2037,a,1509,0.8839771328
2/15/10,09/17/1965,10/31/2060,09 Feb 2010,12-05-7,05-08-14,February 03 2013,a,1510,0.9921706559
11/27/10,10/17/1966,12/8/2010,01 Dec 2018,17-03-3,08-02-16,September 09 2015,a,1511,0.9095918112
4/14/07,01/08/1965,3/15/2017,01 Jan 1970,19-07-10,01-01-70,October 02 2013,a,1512,0.3661384735
5/21/11,08/22/1967,10/31/2016,09 May 2015,15-07-7,03-01-15,September 02 2013,a,1513,0.6610804294
7/14/08,04/10/1965,7/14/2016,10 Jul 2017,70-01-1,07-10-26,June 04 2013,a,1514,0.5200958736
5/3/11,06/21/1967,11/14/2011,04 Feb 2012,12-02-11,08-11-10,December 12 2013,a,1515,0.0639353062
1/21/10,08/20/1965,6/6/2015,10 Mar 2014,11-10-7,01-01-70,February 07 2014,a,1516,0.5609997133
5/3/10,12/23/1965,10/31/2010,03 Oct 2014,13-09-11,01-05-14,February 03 2017,a,1517,0.8064507875
8/11/07,02/04/1965,12/14/2015,09 Mar 2013,33-07-10,01-01-70,March 04 2017,a,1518,0.9597725394
3/10/09,06/15/1965,11/23/2013,02 Jan 2011,70-01-1,04-02-18,June 11 2015,a,1519,0.7081857872
11/18/11,01/07/1968,1/12/2017,12 May 2015,13-02-10,06-05-14,June 03 2019,a,1520,0.9694396281
4/16/11,03/20/1967,7/10/2017,01 Jan 1970,13-07-3,03-09-13,January 01 1970,a,1521,0.8770435276
4/11/08,03/16/1965,4/24/2014,08 Dec 2010,70-01-1,07-10-20,January 01 1970,a,1522,0.3318084096
10/31/10,08/11/1966,9/15/2012,09 Oct 2012,14-03-7,08-09-14,September 10 2014,a,1523,0.081282201
8/26/08,05/03/1965,10/31/2034,12 Jun 2014,70-01-1,01-01-70,July 10 2021,a,1524,0.5166039531
7/15/11,11/04/1967,10/31/2110,04 Jun 2014,13-03-11,10-09-13,September 11 2014,a,1525,0.3551463966
8/23/07,02/04/1965,10/31/2040,10 Jan 2010,70-01-1,01-01-70,February 07 2014,a,1526,0.5513829742
3/18/11,02/17/1967,7/13/2012,04 Feb 2011,15-04-6,04-07-17,July 09 2015,a,1527,0.4456237598
6/17/13,07/19/1968,8/26/2016,01 Jan 1970,17-08-1,10-06-14,April 11 2012,a,1528,0.0874582426
3/14/10,10/01/1965,9/3/2010,03 May 2011,17-02-1,04-01-18,August 12 2017,a,1529,0.3756392661
4/25/08,03/21/1965,6/6/2017,11 Jul 2015,70-01-1,02-01-16,March 07 2016,a,1530,0.0782630145
10/12/08,05/20/1965,2/14/2013,04 Aug 2016,70-01-1,08-08-17,April 06 2013,a,1531,0.3902220641
7/21/11,11/14/1967,10/31/2068,04 Apr 2012,11-07-4,07-08-15,January 01 1970,a,1532,0.8648869448
8/23/12,04/26/1968,10/23/2014,12 Jun 2015,10-06-6,04-11-11,November 04 2013,a,1533,0.9487061799
4/12/11,03/11/1967,10/31/2134,08 Feb 2012,10-05-4,07-03-19,September 03 2018,a,1534,0.9115410829
3/4/08,03/05/1965,3/5/2013,06 Apr 2015,70-01-1,01-01-70,October 09 2011,a,1535,0.1753557281
3/10/11,01/28/1967,12/5/2012,03 Aug 2017,13-11-9,09-12-14,February 01 2012,a,1536,0.8851161204
9/20/10,06/06/1966,11/2/2014,03 Jul 2017,15-09-7,04-06-15,March 08 2011,a,1537,0.4176137416
4/13/09,06/21/1965,8/1/2014,07 Jun 2017,70-01-1,01-04-15,September 05 2014,a,1538,0.8054224223
11/30/07,02/21/1965,7/22/2010,08 Jan 2017,70-01-1,12-05-16,July 09 2015,a,1539,0.0093254334
6/27/10,02/21/1966,2/15/2012,01 Jan 1970,12-07-12,04-01-14,May 03 2011,a,1540,0.8761300677
11/20/10,09/25/1966,1/30/2014,03 Aug 2017,12-04-4,07-04-17,January 08 2012,a,1541,0.7755551287
10/17/12,05/16/1968,1/3/2013,08 Jul 2014,15-11-7,03-12-12,January 01 1970,a,1542,0.3708244047
4/20/09,06/28/1965,8/9/2010,01 Jan 1970,14-02-4,07-10-22,January 01 1970,a,1543,0.4168403439
1/17/13,05/23/1968,10/31/2156,08 Mar 2017,10-09-8,04-08-14,November 09 2017,a,1544,0.0060245681
6/7/10,02/13/1966,11/10/2013,11 Nov 2014,12-02-4,03-03-17,January 01 1970,a,1545,0.4739359382
7/12/11,10/18/1967,7/20/2016,09 Sep 2013,10-03-9,04-03-16,March 05 2017,a,1546,0.8227419022
5/3/10,12/09/1965,10/26/2011,05 Nov 2017,15-06-8,08-04-17,August 04 2018,a,1547,0.1791788285
2/6/10,09/17/1965,8/23/2010,01 Jan 1970,17-03-12,04-07-15,April 02 2018,a,1548,0.2814808924
7/11/11,10/17/1967,11/4/2011,01 Jan 1970,15-11-3,06-06-15,March 01 2019,a,1549,0.7214794712
5/3/10,12/07/1965,10/31/2188,01 Mar 2015,14-03-8,07-06-11,December 03 2013,a,1550,0.9830900052
1/11/12,02/19/1968,9/12/2017,02 Jan 2011,15-04-10,08-06-11,January 06 2010,a,1551,0.5554525903
9/26/10,06/07/1966,10/31/2061,01 Jan 1970,15-08-5,06-07-17,March 03 2011,a,1552,0.1486543139
5/30/09,07/06/1965,8/18/2011,09 Mar 2011,10-05-6,04-06-16,August 10 2013,a,1553,0.7181045609
7/6/12,04/09/1968,11/21/2010,09 Sep 2016,15-07-8,04-10-14,December 11 2014,a,1554,0.277224822
8/20/07,02/04/1965,8/9/2014,12 Jan 2011,70-01-1,04-07-11,July 12 2013,a,1555,0.759647206
5/15/12,03/26/1968,10/31/2182,07 Oct 2011,16-06-1,01-01-70,April 06 2015,a,1556,0.9440559204
1/22/10,08/23/1965,10/8/2013,01 Nov 2012,16-05-4,07-03-17,August 11 2015,a,1557,0.0371216755
6/23/13,07/22/1968,1/13/2017,09 Sep 2012,18-06-5,01-01-70,May 02 2011,a,1558,0.6383391729
12/25/12,05/18/1968,12/27/2013,11 Apr 2017,15-05-12,04-02-18,March 05 2012,a,1559,0.9421113147
3/2/11,01/11/1967,11/23/2012,12 Jun 2016,14-04-10,12-08-11,February 08 2015,a,1560,0.6878026837
3/13/10,09/26/1965,4/3/2013,04 Aug 2017,10-07-11,01-01-70,January 01 1970,a,1561,0.079491156
8/19/10,04/21/1966,10/31/2067,04 Jun 2017,14-02-10,07-10-35,June 10 2012,a,1562,0.709025888
10/7/12,05/15/1968,7/7/2010,10 Oct 2014,15-06-4,09-01-13,March 09 2015,a,1563,0.495442676
11/16/10,09/08/1966,4/8/2011,01 Jan 1970,12-03-9,08-03-11,July 04 2011,a,1564,0.7176558867
3/9/11,01/28/1967,10/31/2190,08 Jul 2018,14-05-8,08-02-17,November 10 2011,a,1565,0.3143674837
10/24/07,02/09/1965,10/31/2058,01 Jan 1970,70-01-1,07-08-14,January 01 1970,a,1566,0.1694638162
11/4/10,08/20/1966,10/31/2174,12 May 2018,12-12-10,02-04-12,June 08 2014,a,1567,0.0928134081
12/22/10,12/31/1966,1/6/2012,09 Dec 2017,13-03-9,01-01-70,June 01 2012,a,1568,0.4311362612
12/17/08,06/12/1965,10/31/2152,01 Jul 2015,70-01-1,01-05-15,January 12 2011,a,1569,0.0818308068
4/8/11,02/28/1967,3/26/2013,12 Jul 2015,13-06-10,07-10-18,October 08 2010,a,1570,0.8672171006
12/22/10,12/29/1966,8/30/2013,12 Aug 2017,16-12-10,01-01-70,October 12 2017,a,1571,0.6172577281
6/12/11,09/19/1967,10/30/2014,12 Apr 2012,17-11-5,08-09-12,August 11 2016,a,1572,0.6653443851
7/22/08,04/11/1965,10/15/2015,12 Feb 2011,70-01-1,04-05-11,June 09 2015,a,1573,0.6946165398
6/1/13,07/05/1968,9/9/2013,03 Mar 2012,15-11-2,12-06-17,January 05 2012,a,1574,0.3203412101
5/29/10,02/07/1966,8/2/2014,01 Jan 1970,16-07-6,01-01-70,March 02 2014,a,1575,0.6817631054
3/9/11,01/25/1967,1/21/2016,01 Jan 1970,15-04-11,01-01-70,March 10 2016,a,1576,0.5580543005
4/29/08,03/22/1965,8/16/2010,09 Feb 2011,70-01-1,11-11-14,January 01 1970,a,1577,0.4661804024
10/16/08,05/24/1965,6/2/2016,01 Jan 1970,70-01-1,07-10-27,September 03 2012,a,1578,0.0015723999
7/3/11,09/30/1967,12/23/2011,04 Feb 2014,17-02-6,06-01-14,September 11 2013,a,1579,0.6708757957
6/26/13,07/27/1968,12/9/2010,08 Sep 2010,17-02-2,03-06-10,January 01 1970,a,1580,0.2617451249
10/31/10,08/08/1966,2/25/2011,08 Sep 2016,10-02-6,12-12-12,May 05 2016,a,1581,0.3385408042
10/30/12,05/16/1968,6/24/2016,07 Jan 2015,14-04-2,02-04-11,July 01 2014,a,1582,0.245610718
2/5/10,09/13/1965,8/20/2016,01 Jun 2013,14-06-5,01-01-18,June 06 2015,a,1583,0.404465887
11/17/09,08/13/1965,9/1/2010,01 Jan 1970,11-10-5,09-11-13,February 12 2015,a,1584,0.0938053385
6/10/13,07/10/1968,10/31/2062,01 Mar 2017,16-02-11,01-09-12,March 03 2014,a,1585,0.1944191779
3/13/12,02/26/1968,5/9/2016,02 Jul 2011,13-02-10,10-08-11,February 07 2013,a,1586,0.720892748
5/29/11,09/03/1967,5/22/2010,11 Sep 2016,17-01-2,01-01-70,April 12 2013,a,1587,0.191223947
3/6/11,01/18/1967,4/7/2011,01 Jan 1970,10-05-4,11-07-16,July 03 2017,a,1588,0.3133407614
8/21/07,02/04/1965,5/15/2016,01 Jun 2014,70-01-1,03-07-12,November 03 2011,a,1589,0.9987481184
2/15/12,02/21/1968,10/31/2136,01 Jan 1970,11-04-11,02-09-10,January 07 2014,a,1590,0.4104536307
5/7/13,06/15/1968,10/31/2022,11 Aug 2015,13-04-2,10-07-13,January 01 1970,a,1591,0.4791229825
4/11/11,03/09/1967,6/20/2017,01 Jan 1970,18-11-6,01-01-70,February 04 2013,a,1592,0.3155324016
9/19/10,06/02/1966,7/24/2015,01 Jan 1970,10-01-6,06-04-15,June 06 2010,a,1593,0.146741743
12/20/08,06/12/1965,12/12/2011,01 Jan 1970,70-01-1,05-09-14,January 01 1970,a,1594,0.5085385312
4/11/09,06/20/1965,12/20/2016,12 Jun 2012,70-01-1,01-01-70,April 02 2015,a,1595,0.4890899258
1/15/13,05/21/1968,4/15/2010,01 Jan 1970,17-02-9,01-01-70,January 07 2015,a,1596,0.4185474699
8/28/10,05/11/1966,6/23/2017,07 Jun 2015,15-06-12,01-12-11,April 01 2018,a,1597,0.4158762276
1/13/13,05/20/1968,10/31/2045,05 Oct 2014,16-12-6,03-01-15,January 01 1970,a,1598,0.0711222091
4/12/10,11/15/1965,9/1/2011,01 Jan 1970,14-10-2,01-01-70,October 05 2011,a,1599,0.2847712274
8/6/10,04/06/1966,2/18/2017,01 Feb 2012,16-04-8,07-10-19,January 08 2016,a,1600,0.3548885408
5/3/10,12/22/1965,4/26/2011,01 Jan 1970,11-09-9,01-08-18,May 12 2010,a,1601,0.5641380411
9/23/10,06/06/1966,9/2/2010,03 Mar 2015,18-01-3,03-09-15,September 08 2014,a,1602,0.1238379266
7/3/11,10/07/1967,8/19/2013,10 Jun 2012,15-02-1,06-07-14,January 07 2012,a,1603,0.7475296311
5/8/11,06/28/1967,5/16/2010,08 Sep 2017,17-07-8,11-05-17,November 07 2015,a,1604,0.6541669136
3/16/10,10/07/1965,5/20/2014,06 Dec 2017,12-07-2,07-10-11,January 01 1970,a,1605,0.1702955547
8/25/10,05/02/1966,10/31/2087,05 Jan 2014,12-03-10,05-10-13,October 07 2011,a,1606,0.8253072779
4/24/07,01/12/1965,10/31/2027,06 Apr 2015,22-07-10,08-04-11,April 11 2015,a,1607,0.9536715531
10/12/08,05/22/1965,7/13/2010,10 Apr 2015,70-01-1,08-12-10,June 08 2012,a,1608,0.7947910486
4/20/07,01/10/1965,2/22/2015,08 Jul 2012,21-07-10,05-09-15,May 06 2010,a,1609,0.2351954664
12/8/07,02/23/1965,10/31/2044,11 Mar 2016,70-01-1,06-07-19,January 02 2013,a,1610,0.6939175394
3/20/11,02/18/1967,3/3/2014,08 May 2017,17-09-6,01-01-70,June 07 2018,a,1611,0.7821508814
7/1/11,09/28/1967,10/31/2105,02 Jan 2014,14-03-3,02-04-15,July 02 2011,a,1612,0.2054007678
10/12/09,08/11/1965,4/5/2010,01 Jan 1970,16-08-1,03-01-19,June 01 2014,a,1613,0.3933287903
10/4/10,07/05/1966,3/2/2012,02 Aug 2016,13-08-7,06-01-19,August 01 2017,a,1614,0.6034393465
3/15/12,02/27/1968,6/1/2010,02 Jul 2017,12-04-5,06-01-16,March 10 2014,a,1615,0.3355614644
4/12/12,03/07/1968,2/25/2014,11 Sep 2010,18-08-2,07-12-15,March 01 2015,a,1616,0.2138539721
11/4/10,08/17/1966,1/16/2013,10 Feb 2014,17-06-6,11-02-16,September 08 2012,a,1617,0.3809491171
7/8/07,02/01/1965,8/26/2013,10 Dec 2016,29-07-10,04-03-15,November 12 2012,a,1618,0.8377457178
5/14/10,01/16/1966,5/4/2012,03 Dec 2011,17-02-12,12-10-12,February 04 2012,a,1619,0.1931653152
2/4/10,09/16/1965,3/28/2016,01 Jan 1970,14-07-2,06-01-13,October 02 2018,a,1620,0.2933214134
9/2/12,05/03/1968,4/18/2017,08 May 2014,16-10-9,04-10-15,January 11 2011,a,1621,0.4397100658
12/19/07,03/01/1965,10/31/2017,09 Oct 2015,70-01-1,06-12-15,January 01 1970,a,1622,0.3783218401
4/25/11,05/05/1967,9/4/2012,03 Jul 2019,16-11-8,06-06-10,February 03 2015,a,1623,0.5161439912
6/7/13,07/10/1968,7/2/2015,08 Jul 2014,17-06-10,03-05-12,January 09 2016,a,1624,0.6265912037
11/8/09,08/12/1965,10/31/2081,10 Jul 2016,12-09-5,01-01-70,January 01 1970,a,1625,0.9755284294
7/30/11,11/26/1967,1/8/2016,03 May 2017,11-04-6,02-10-13,November 03 2012,a,1626,0.0715589293
3/18/13,05/28/1968,11/10/2014,06 Apr 2010,13-11-3,05-04-10,March 12 2012,a,1627,0.78127353
4/11/08,03/17/1965,12/21/2012,03 Jul 2017,70-01-1,03-07-18,June 07 2018,a,1628,0.0843301154
5/5/11,06/25/1967,9/7/2015,01 Jan 2013,11-04-10,01-01-70,January 01 1970,a,1629,0.856421028
12/23/10,01/01/1967,11/13/2013,04 Mar 2017,13-06-1,06-08-16,January 05 2015,a,1630,0.292373596
5/18/11,08/12/1967,7/25/2017,01 Jan 2014,14-11-11,02-12-11,January 02 2013,a,1631,0.3805304249
12/18/09,08/17/1965,9/9/2010,09 Feb 2011,11-10-6,08-09-12,December 03 2012,a,1632,0.4950920621
9/17/10,06/01/1966,10/31/2123,02 Aug 2017,12-05-8,01-01-70,January 01 1970,a,1633,0.9430804166
12/15/11,02/01/1968,7/1/2015,05 Jun 2014,16-05-5,03-01-17,January 11 2011,a,1634,0.7577979785
5/8/09,07/06/1965,3/30/2013,09 Sep 2011,17-08-4,02-05-12,August 01 2017,a,1635,0.353554772
3/13/10,09/27/1965,10/31/2028,04 Mar 2016,14-09-5,01-01-70,July 10 2025,a,1636,0.6397046697
12/11/07,02/27/1965,7/5/2017,07 Mar 2015,70-01-1,09-05-14,November 02 2016,a,1637,0.6249630484
8/20/09,07/21/1965,8/1/2014,01 Feb 2013,17-02-7,02-10-14,April 02 2014,a,1638,0.2396339458
3/11/11,02/03/1967,10/31/2199,09 Apr 2015,12-11-1,01-01-70,July 10 2024,a,1639,0.0742842791
3/16/11,02/15/1967,9/11/2013,02 Jan 2019,14-10-8,04-08-11,January 07 2016,a,1640,0.8789524544
8/23/08,04/27/1965,10/31/2173,05 Aug 2014,70-01-1,06-11-12,April 06 2015,a,1641,0.0395104404
8/19/10,04/21/1966,11/4/2015,01 Jan 1970,14-10-10,01-10-15,January 10 2014,a,1642,0.7272589247
4/27/11,05/27/1967,10/31/2142,07 Jan 2015,18-12-1,07-10-32,November 12 2017,a,1643,0.8707152408
3/30/12,03/03/1968,1/24/2017,07 May 2016,16-08-3,02-08-15,January 01 1970,a,1644,0.3566221112
7/31/09,07/17/1965,10/26/2011,08 Sep 2014,16-11-2,01-01-70,April 08 2015,a,1645,0.588133586
12/22/10,12/20/1966,7/17/2016,09 Feb 2017,11-08-12,03-02-13,February 09 2011,a,1646,0.0442905944
1/16/13,05/21/1968,12/29/2011,10 Mar 2016,14-09-11,09-05-16,January 01 1970,a,1647,0.9138528702
4/18/10,11/20/1965,7/13/2013,02 Jan 2017,16-01-2,03-02-13,July 10 2012,a,1648,0.9603202809
6/18/09,07/07/1965,1/20/2016,10 Jul 2024,17-06-6,07-08-17,July 07 2010,a,1649,0.9863799005
12/22/10,12/21/1966,3/20/2015,04 Dec 2012,12-01-11,07-04-11,January 01 1970,a,1650,0.0212017938
5/5/12,03/17/1968,8/19/2013,12 Nov 2017,19-06-4,10-02-16,January 01 1970,a,1651,0.7311849941
5/8/11,06/29/1967,2/25/2015,03 Dec 2013,15-01-7,02-09-10,August 02 2017,a,1652,0.6757394469
7/16/10,03/03/1966,4/30/2016,08 Dec 2015,18-06-2,08-01-18,July 03 2019,a,1653,0.4135068148
1/9/11,01/03/1967,11/13/2014,02 Apr 2013,17-02-10,01-07-14,June 01 2014,a,1654,0.8409216821
2/14/11,01/06/1967,9/8/2010,01 Jan 1970,15-05-9,01-01-70,December 10 2011,a,1655,0.378382105
5/21/07,01/15/1965,12/16/2015,10 Jul 2029,23-07-10,05-09-15,September 07 2010,a,1656,0.7447644154
4/25/10,11/22/1965,7/13/2013,10 Jun 2015,14-09-3,11-12-17,January 01 1970,a,1657,0.5032933856
9/1/09,07/25/1965,7/10/2013,01 Jan 1970,11-07-4,12-06-16,August 04 2011,a,1658,0.2502807092
11/14/12,05/16/1968,10/31/2100,02 May 2013,13-04-7,01-05-15,June 04 2017,a,1659,0.7085754478
8/8/11,12/01/1967,2/16/2012,01 Jan 1970,13-10-10,08-03-16,January 11 2012,a,1660,0.27719335
6/13/13,07/12/1968,9/2/2013,04 Jul 2011,13-09-1,01-01-70,June 01 2016,a,1661,0.3777842333
3/8/11,01/24/1967,3/11/2011,02 Oct 2016,16-01-2,12-03-12,September 09 2016,a,1662,0.9711704645
10/8/07,02/06/1965,10/31/2099,10 Jun 2016,70-01-1,12-04-12,February 09 2011,a,1663,0.7110837613
3/11/10,09/24/1965,11/21/2011,10 Nov 2013,12-10-7,01-01-70,April 07 2011,a,1664,0.9217978734
1/7/08,03/02/1965,8/15/2016,11 Sep 2012,70-01-1,06-01-13,April 08 2016,a,1665,0.3441467864
10/18/10,07/27/1966,10/31/2112,03 May 2015,13-08-9,07-10-31,January 01 1970,a,1666,0.2092932068
6/7/10,02/16/1966,6/22/2017,09 Nov 2013,14-03-10,01-03-13,January 01 1970,a,1667,0.5281072985
7/22/11,11/21/1967,2/16/2014,11 Mar 2013,17-08-1,05-12-13,December 10 2015,a,1668,0.7918211906
9/20/08,05/19/1965,5/4/2014,09 Jun 2015,70-01-1,04-02-18,June 08 2015,a,1669,0.048009521
9/29/10,06/15/1966,2/9/2013,11 Dec 2014,12-07-8,10-03-11,January 07 2013,a,1670,0.7168211631
1/15/13,05/20/1968,8/4/2016,06 Feb 2016,16-05-7,08-12-17,March 06 2015,a,1671,0.163826296
3/30/10,10/24/1965,6/17/2017,04 May 2016,12-10-8,02-06-11,November 03 2017,a,1672,0.5716041848
5/3/10,12/15/1965,4/18/2012,01 Jan 1970,16-06-12,12-03-13,September 11 2012,a,1673,0.0729972313
7/30/10,03/24/1966,2/22/2012,08 Dec 2015,15-05-5,10-05-14,October 07 2013,a,1674,0.9891635946
10/31/10,08/15/1966,9/7/2011,01 Jan 1970,12-03-10,08-10-16,January 08 2018,a,1675,0.4950539178
3/21/11,02/19/1967,10/31/2046,11 Sep 2014,11-04-5,02-07-14,July 04 2013,a,1676,0.0100353131
6/3/11,09/09/1967,10/31/2113,08 May 2015,16-05-12,01-01-70,March 12 2010,a,1677,0.1396359951
5/18/11,08/13/1967,12/5/2016,04 Apr 2012,11-07-7,02-07-14,January 01 1970,a,1678,0.6639957281
4/1/08,03/13/1965,5/22/2014,02 Nov 2012,70-01-1,06-04-19,January 01 1970,a,1679,0.170075641
1/21/10,08/23/1965,8/30/2015,06 Jun 2015,11-01-9,11-04-10,January 01 1970,a,1680,0.8237336875
5/3/11,06/19/1967,2/22/2017,03 Mar 2017,15-07-6,01-01-70,January 01 1970,a,1681,0.1622417698
8/9/10,04/08/1966,10/12/2014,10 Mar 2012,15-04-2,01-01-70,January 01 1970,a,1682,0.1507960023
5/30/10,02/10/1966,1/21/2017,01 Jan 1970,14-01-11,02-10-14,June 07 2017,a,1683,0.4087721793
6/13/10,02/17/1966,11/20/2011,04 Jan 2015,15-03-11,01-01-70,November 05 2017,a,1684,0.0217506694
1/1/08,03/01/1965,8/15/2013,05 Jan 2015,70-01-1,06-02-15,January 01 1970,a,1685,0.6578186964
7/13/11,11/01/1967,6/2/2011,01 Jan 1970,11-03-8,04-02-14,December 06 2012,a,1686,0.3452063514
6/5/11,09/15/1967,11/27/2010,07 Jan 2014,12-01-2,11-09-13,January 11 2014,a,1687,0.6253241926
5/13/13,06/17/1968,1/18/2012,01 Sep 2017,17-07-3,05-05-15,August 04 2016,a,1688,0.1171270054
4/23/11,04/10/1967,3/3/2014,09 Apr 2015,13-05-10,01-01-70,January 01 1970,a,1689,0.2683949454
10/31/10,08/12/1966,6/16/2012,03 Dec 2015,14-10-10,02-11-12,September 02 2013,a,1690,0.4869294242
3/24/08,03/07/1965,2/15/2013,12 Aug 2015,70-01-1,11-04-13,January 01 2018,a,1691,0.3829609844
7/29/10,03/20/1966,2/13/2013,07 Mar 2016,12-06-8,02-11-14,March 01 2016,a,1692,0.2190756798
7/9/08,04/06/1965,10/31/2050,03 Feb 2010,70-01-1,11-05-14,March 01 2017,a,1693,0.6623968314
5/3/11,06/14/1967,12/17/2013,08 Jun 2015,16-07-9,10-02-18,March 08 2017,a,1694,0.4195897183
12/9/09,08/13/1965,10/31/2176,06 Feb 2010,14-06-7,02-01-17,June 02 2015,a,1695,0.1476956379
1/10/10,08/20/1965,10/18/2010,11 Dec 2017,10-08-9,03-08-13,May 03 2015,a,1696,0.6643665134
5/2/10,11/28/1965,7/14/2013,01 Jan 1970,14-09-10,04-03-11,April 03 2017,a,1697,0.7105843734
12/2/11,01/20/1968,8/2/2014,01 Apr 2018,16-02-1,04-02-15,March 03 2015,a,1698,0.4493188233
5/6/13,06/13/1968,12/5/2015,06 Dec 2016,10-08-12,01-05-12,June 07 2014,a,1699,0.9193711446
9/20/09,07/29/1965,9/3/2011,11 Sep 2011,15-08-3,01-01-70,May 06 2014,a,1700,0.6446677258
12/22/10,12/16/1966,4/19/2014,03 Nov 2012,13-08-10,04-09-15,September 03 2015,a,1701,0.3174010906
11/25/12,05/16/1968,11/28/2016,05 Sep 2014,15-07-5,10-07-17,May 05 2012,a,1702,0.0080540355
8/7/10,04/07/1966,1/10/2014,01 Jan 1970,12-01-7,01-01-70,June 12 2014,a,1703,0.8798147085
5/3/10,12/26/1965,11/15/2014,11 Jan 2015,13-02-3,06-10-11,September 09 2016,a,1704,0.8252925144
4/12/10,11/13/1965,7/25/2015,10 Mar 2018,15-10-9,10-09-14,January 01 1970,a,1705,0.4204125777
10/7/10,07/19/1966,11/26/2015,02 Dec 2013,15-04-6,12-02-13,May 07 2017,a,1706,0.6519532229
9/2/12,05/08/1968,7/24/2012,06 May 2014,11-08-3,01-01-70,March 02 2014,a,1707,0.123345155
5/4/11,06/23/1967,12/26/2014,01 Jan 1970,14-03-3,03-03-12,March 10 2010,a,1708,0.7333539136
12/22/10,12/27/1966,9/22/2011,01 Dec 2017,10-01-9,08-11-12,September 03 2015,a,1709,0.2783739052
4/12/10,11/13/1965,10/31/2118,05 Apr 2012,13-12-7,05-12-15,September 09 2011,a,1710,0.2696992949
5/24/12,03/27/1968,7/3/2015,01 Jan 1970,17-03-11,07-02-13,April 09 2014,a,1711,0.4235134587
3/8/12,02/24/1968,10/31/2052,01 Jan 1970,17-04-6,05-12-16,May 04 2014,a,1712,0.704675104
4/26/13,06/10/1968,10/12/2012,11 Apr 2011,11-10-10,01-01-70,October 05 2014,a,1713,0.3526155462
4/27/10,11/22/1965,9/19/2014,03 Dec 2015,17-10-7,11-03-15,January 01 1970,a,1714,0.66065008
3/16/11,02/14/1967,10/31/2171,01 Jun 2017,11-09-10,12-10-12,June 05 2014,a,1715,0.3653411928
8/2/10,03/29/1966,4/24/2011,04 Jun 2018,14-05-12,08-04-16,October 09 2012,a,1716,0.5924957031
8/3/10,04/04/1966,5/27/2010,01 Jan 1970,19-05-6,02-03-17,May 01 2012,a,1717,0.5365462761
11/27/10,10/12/1966,10/31/2084,07 Mar 2012,12-07-4,05-12-18,March 12 2011,a,1718,0.6247892061
6/14/13,07/12/1968,11/6/2015,02 May 2010,17-03-4,09-02-13,March 07 2012,a,1719,0.0789568707
11/27/10,10/26/1966,10/31/2131,08 Jun 2016,12-09-11,11-09-13,June 06 2015,a,1720,0.0224299044
1/22/09,06/14/1965,8/10/2010,12 Mar 2010,70-01-1,01-01-70,September 01 2018,a,1721,0.1297307568
4/17/11,03/30/1967,5/14/2013,01 May 2013,13-10-7,02-09-13,January 01 1970,a,1722,0.4165528653
7/21/10,03/07/1966,10/31/2148,10 Jul 2034,16-06-2,03-11-17,April 11 2018,a,1723,0.1025762198
7/24/07,02/04/1965,7/10/2015,04 Sep 2017,31-07-10,07-04-14,January 01 1970,a,1724,0.4662960644
4/18/10,11/18/1965,12/24/2010,01 Jan 1970,15-02-8,03-12-10,February 06 2010,a,1725,0.3546566502
7/29/10,03/22/1966,9/29/2012,06 Jul 2016,18-12-2,02-06-11,March 10 2018,a,1726,0.0058985077
6/21/10,02/17/1966,5/9/2014,01 Jan 1970,16-12-7,02-05-15,June 04 2010,a,1727,0.7115844276
11/4/10,08/21/1966,12/24/2012,07 May 2012,14-05-12,01-01-70,January 06 2015,a,1728,0.5371394525
5/6/13,06/14/1968,12/13/2010,01 Jan 1970,15-09-4,12-03-11,June 11 2012,a,1729,0.2340981616
10/3/10,07/04/1966,1/1/2013,11 Sep 2016,15-10-9,01-08-17,May 04 2015,a,1730,0.4136936047
12/22/08,06/12/1965,8/24/2013,10 Mar 2018,70-01-1,05-07-13,August 04 2017,a,1731,0.4661426837
5/21/11,08/20/1967,3/2/2017,09 Oct 2011,14-04-5,07-06-13,May 02 2011,a,1732,0.3674135699
8/18/08,04/26/1965,12/5/2010,01 Dec 2014,70-01-1,11-07-18,January 01 1970,a,1733,0.8873167581
8/19/10,04/10/1966,6/7/2013,10 Feb 2017,13-07-6,07-01-14,February 06 2012,a,1734,0.3263596957
6/16/08,04/03/1965,6/5/2011,02 May 2016,70-01-1,01-02-16,January 01 1970,a,1735,0.289733079
4/27/11,05/23/1967,3/27/2015,06 Jul 2013,14-04-9,01-11-11,January 03 2018,a,1736,0.4424786421
1/25/10,09/02/1965,1/8/2017,05 Feb 2014,11-10-12,01-01-70,July 06 2011,a,1737,0.6219019878
1/24/10,08/30/1965,2/6/2016,02 Jan 2016,14-03-3,01-01-70,January 01 1970,a,1738,0.0622640975
10/6/10,07/12/1966,4/25/2013,01 Jan 1970,12-12-12,09-02-13,April 03 2016,a,1739,0.8963284707
7/18/10,03/06/1966,6/19/2013,04 Sep 2015,12-03-12,03-07-15,December 12 2011,a,1740,0.8178754688
8/7/08,04/19/1965,6/12/2016,04 Aug 2011,70-01-1,05-03-17,October 03 2011,a,1741,0.6994075713
8/19/10,04/16/1966,10/31/2074,09 Mar 2015,15-01-5,01-01-70,January 01 1970,a,1742,0.1047950227
11/13/10,08/28/1966,4/28/2017,01 Jan 1970,15-02-7,05-03-15,July 05 2016,a,1743,0.0931781835
3/30/10,10/24/1965,8/15/2013,08 Feb 2011,15-09-3,09-01-11,December 08 2015,a,1744,0.4707051118
4/22/11,04/09/1967,7/1/2012,08 Feb 2018,17-12-6,06-01-12,February 12 2017,a,1745,0.5301755021
3/11/11,02/02/1967,12/14/2013,11 Feb 2017,13-02-10,07-04-15,October 04 2017,a,1746,0.8613052873
5/2/10,11/23/1965,1/12/2011,04 Nov 2013,13-10-9,05-07-13,July 09 2016,a,1747,0.4315106795
8/19/07,02/04/1965,7/23/2013,11 Jan 2012,70-01-1,02-09-11,May 09 2015,a,1748,0.9596982087
2/16/11,01/07/1967,9/15/2014,06 Jan 2019,16-01-9,10-09-16,December 10 2012,a,1749,0.4770881825
10/28/08,06/02/1965,1/5/2012,03 Apr 2016,70-01-1,01-11-15,April 08 2013,a,1750,0.6311703802
8/21/09,07/25/1965,4/14/2013,01 Mar 2013,13-03-9,12-05-15,June 04 2019,a,1751,0.7662434352
1/25/10,08/30/1965,4/5/2013,11 Apr 2016,13-11-10,01-01-70,April 07 2016,a,1752,0.8286151567
2/5/10,09/12/1965,4/23/2014,11 Jul 2010,14-11-7,12-08-15,May 12 2016,a,1753,0.4201131883
6/18/08,04/04/1965,3/30/2015,08 Apr 2014,70-01-1,10-09-11,February 01 2012,a,1754,0.9130502773
4/21/11,04/06/1967,6/14/2016,04 Mar 2011,10-07-7,03-08-14,November 10 2013,a,1755,0.1820964293
5/11/11,07/07/1967,1/27/2017,02 Apr 2018,14-04-6,01-02-13,August 09 2014,a,1756,0.1683222736
10/3/08,05/19/1965,3/8/2015,01 Jan 1970,70-01-1,11-09-12,May 09 2012,a,1757,0.210789926
11/16/08,06/05/1965,4/2/2010,01 Jan 1970,70-01-1,09-08-16,February 02 2017,a,1758,0.7309683098
8/12/12,04/20/1968,10/31/2149,02 Apr 2015,19-04-4,12-07-13,April 08 2011,a,1759,0.4118932829
6/19/09,07/12/1965,10/31/2076,07 Mar 2012,13-03-9,04-11-11,November 05 2016,a,1760,0.0995356922
9/20/09,07/30/1965,7/30/2012,12 Feb 2014,13-10-7,10-07-12,July 02 2017,a,1761,0.5098233595
7/3/11,10/04/1967,2/8/2016,10 Nov 2015,12-09-11,05-10-11,January 01 1970,a,1762,0.7010585613
3/2/11,01/16/1967,8/18/2013,08 Nov 2016,14-09-12,01-01-70,July 06 2014,a,1763,0.3136272523
6/18/13,07/21/1968,1/6/2014,01 Jan 1970,18-04-3,09-11-10,January 07 2019,a,1764,0.2566282475
7/12/11,10/25/1967,5/13/2014,01 Jan 2013,14-01-2,04-01-12,July 08 2017,a,1765,0.4815645261
4/18/13,06/08/1968,4/5/2010,10 Jul 2013,15-01-9,01-01-70,January 01 1970,a,1766,0.4832393182
9/6/08,05/15/1965,10/14/2016,02 Oct 2018,70-01-1,05-02-16,April 09 2012,a,1767,0.0765429397
7/13/10,02/28/1966,4/4/2012,02 Jan 2016,15-07-4,04-11-15,November 11 2014,a,1768,0.5788395266
4/12/11,03/11/1967,10/31/2195,01 Jan 1970,14-06-7,02-03-14,January 01 1970,a,1769,0.0367280713
7/19/11,11/09/1967,10/31/2135,03 Apr 2017,11-07-6,06-06-15,January 08 2014,a,1770,0.7443798395
10/19/10,08/01/1966,12/6/2014,09 Aug 2012,12-02-5,05-04-10,April 10 2018,a,1771,0.7958260529
11/13/10,09/08/1966,2/5/2013,06 Feb 2011,14-10-6,07-10-23,November 10 2012,a,1772,0.4296025446
8/8/08,04/26/1965,9/16/2014,10 Jul 2028,70-01-1,06-04-18,February 11 2012,a,1773,0.6750700437
4/14/11,03/19/1967,2/20/2016,01 Jan 1970,17-03-4,01-06-15,April 09 2015,a,1774,0.6133046757
4/25/11,04/20/1967,10/31/2141,09 Aug 2013,16-10-2,09-08-11,January 04 2012,a,1775,0.4511348809
10/12/08,05/19/1965,6/7/2011,05 Jul 2015,70-01-1,09-08-10,December 02 2018,a,1776,0.7724082915
3/7/11,01/18/1967,11/2/2015,01 Sep 2014,19-05-4,03-03-14,January 01 1970,a,1777,0.7116390764
4/8/08,03/15/1965,10/31/2145,12 Feb 2016,70-01-1,01-01-70,April 01 2014,a,1778,0.9554679363
2/12/09,06/15/1965,10/31/2077,05 Jun 2018,70-01-1,07-04-11,October 08 2014,a,1779,0.5676771939
12/1/10,11/22/1966,5/2/2017,01 Jan 1970,15-06-3,11-04-15,April 05 2015,a,1780,0.725039716
7/4/11,10/08/1967,4/20/2017,10 Mar 2010,16-11-5,04-03-18,May 11 2016,a,1781,0.3633804987
3/30/10,10/25/1965,2/1/2016,01 Jan 1970,12-08-3,11-11-13,January 01 1970,a,1782,0.6153512159
9/26/09,08/11/1965,7/4/2015,07 Apr 2017,17-07-8,01-01-70,January 01 1970,a,1783,0.0149535054
4/16/11,03/27/1967,11/8/2010,06 Apr 2015,17-08-3,12-12-12,January 01 1970,a,1784,0.6471092506
8/28/10,05/16/1966,4/19/2010,01 Jan 1970,18-09-1,01-09-11,April 07 2015,a,1785,0.8286322849
7/17/08,04/10/1965,3/22/2012,05 Feb 2015,70-01-1,06-01-17,October 09 2013,a,1786,0.2110715171
4/29/13,06/12/1968,10/31/2187,08 Mar 2011,13-03-1,02-07-17,January 01 1970,a,1787,0.684853144
8/29/10,05/18/1966,2/13/2012,12 Sep 2013,18-07-8,12-06-12,September 02 2015,a,1788,0.4214036188
5/18/11,08/10/1967,10/31/2109,12 Mar 2012,13-07-12,01-01-70,July 10 2013,a,1789,0.6782887521
5/22/13,06/21/1968,4/3/2017,07 Oct 2013,13-05-1,05-07-12,January 01 1970,a,1790,0.0764806328
1/16/11,01/03/1967,7/4/2013,07 Jan 2015,11-09-7,01-01-70,February 01 2016,a,1791,0.8350895718
5/16/11,07/22/1967,1/3/2015,02 Jul 2014,13-09-11,04-06-13,August 01 2012,a,1792,0.8071939805
9/29/10,06/21/1966,7/9/2015,10 Jul 2012,16-06-10,01-07-12,October 07 2017,a,1793,0.784704626
5/12/08,03/24/1965,2/9/2015,07 Oct 2013,70-01-1,01-01-70,June 10 2018,a,1794,0.4305127822
7/14/11,11/04/1967,10/31/2117,05 Apr 2012,11-11-6,04-12-15,January 01 1970,a,1795,0.2717556197
5/3/11,06/17/1967,6/14/2011,11 Jan 2011,13-05-10,01-01-70,August 04 2011,a,1796,0.9214936266
5/29/10,02/03/1966,10/30/2010,11 Aug 2016,15-07-5,03-10-12,March 02 2014,a,1797,0.4095351774
7/1/07,01/24/1965,7/4/2012,12 May 2013,27-07-10,01-01-70,January 01 1970,a,1798,0.9849964969
8/11/11,12/07/1967,6/2/2010,06 Jul 2013,18-02-8,09-01-18,August 02 2016,a,1799,0.8854867129
5/3/10,11/28/1965,6/7/2013,01 Dec 2011,15-04-8,07-07-15,March 10 2012,a,1800,0.7874722234
5/13/12,03/26/1968,10/31/2014,04 Feb 2010,12-05-1,01-01-70,April 10 2014,a,1801,0.2315263136
6/29/08,04/05/1965,10/16/2013,04 Sep 2010,70-01-1,02-03-10,February 10 2013,a,1802,0.1167374691
3/11/11,01/31/1967,10/26/2012,09 Oct 2014,15-05-9,04-07-13,April 06 2015,a,1803,0.1270787154
9/3/07,02/04/1965,10/31/2183,04 Oct 2017,70-01-1,12-09-13,March 10 2018,a,1804,0.2710035403
10/17/10,07/22/1966,11/1/2011,04 Jul 2011,11-08-6,03-11-16,February 11 2013,a,1805,0.9565738507
9/21/09,08/02/1965,1/4/2014,02 Jan 2012,15-11-4,02-06-17,April 02 2018,a,1806,0.8660048259
6/20/11,09/20/1967,10/31/2180,09 Jul 2015,12-06-12,11-09-15,November 06 2017,a,1807,0.9210240098
11/20/10,09/14/1966,6/7/2015,05 Jan 2011,10-02-9,06-01-16,May 03 2013,a,1808,0.2686875391
4/14/10,11/16/1965,5/22/2010,03 Feb 2017,13-01-6,11-01-15,January 01 1970,a,1809,0.152745034
7/30/11,11/23/1967,8/15/2012,01 May 2018,18-10-2,04-12-18,January 07 2011,a,1810,0.5668741951
9/29/10,06/15/1966,10/31/2132,03 Jan 2013,12-06-12,01-01-70,July 06 2016,a,1811,0.4878642138
7/27/11,11/23/1967,12/6/2016,08 Jan 2016,18-04-1,06-04-18,July 10 2027,a,1812,0.6248922341
9/27/12,05/15/1968,5/5/2015,12 May 2012,15-04-2,03-04-17,May 09 2014,a,1813,0.8500085629
5/3/11,06/21/1967,12/13/2015,01 Jan 2016,14-07-8,01-09-15,January 01 1970,a,1814,0.7433424354
9/22/10,06/06/1966,6/27/2010,01 Jan 1970,15-06-11,04-05-14,January 01 1970,a,1815,0.5804156703
4/21/11,04/03/1967,10/31/2137,08 May 2012,14-12-11,10-07-17,March 10 2012,a,1816,0.5412492033
8/11/10,04/09/1966,10/31/2146,02 Mar 2013,16-09-11,03-03-15,January 01 1970,a,1817,0.5487881799
10/31/10,08/16/1966,10/31/2155,04 Jun 2013,19-01-6,03-08-14,May 02 2014,a,1818,0.6549279573
6/27/07,01/17/1965,3/27/2012,01 Jun 2019,25-07-10,05-12-12,January 01 2018,a,1819,0.8106910836
5/3/10,12/30/1965,1/13/2017,12 Feb 2015,14-04-5,09-11-13,June 05 2017,a,1820,0.3475420064
7/27/10,03/20/1966,10/31/2093,04 Jan 2015,18-06-7,10-10-14,March 10 2016,a,1821,0.7844786803
6/11/11,09/18/1967,11/27/2012,12 Oct 2012,14-03-3,07-04-11,January 01 1970,a,1822,0.9765479546
4/5/11,02/25/1967,1/2/2012,04 Oct 2016,16-11-6,04-04-10,September 06 2017,a,1823,0.7692402459
4/25/11,04/29/1967,10/31/2055,04 Mar 2017,11-05-2,02-09-17,January 01 1970,a,1824,0.1860835439
5/3/11,06/14/1967,4/7/2014,08 Sep 2011,14-03-2,08-09-13,July 10 2026,a,1825,0.468113583
9/4/10,05/23/1966,10/31/2189,09 Jul 2011,14-10-3,01-01-70,August 12 2011,a,1826,0.3723399746
12/4/11,01/26/1968,3/31/2011,09 Apr 2014,18-03-3,03-03-11,January 01 1970,a,1827,0.762925667
6/6/13,07/06/1968,2/28/2011,06 Oct 2012,13-12-2,05-07-18,August 06 2011,a,1828,0.3113515242
11/25/08,06/11/1965,12/2/2016,01 Jan 1970,70-01-1,04-09-12,June 02 2018,a,1829,0.6234298416
4/21/11,04/05/1967,9/13/2014,01 Feb 2017,17-02-5,01-01-70,March 09 2010,a,1830,0.4463145527
5/30/11,09/06/1967,4/19/2016,06 Jan 2015,16-01-12,03-11-13,January 01 1970,a,1831,0.5177236437
11/4/10,08/20/1966,7/1/2012,10 Feb 2014,11-02-9,08-03-12,May 12 2013,a,1832,0.7255128151
7/25/11,11/22/1967,2/4/2013,10 Sep 2011,12-06-1,07-02-17,August 11 2015,a,1833,0.4566596682
5/22/11,08/24/1967,2/16/2014,01 Jan 1970,13-07-1,10-08-14,January 01 1970,a,1834,0.9496801961
8/20/10,04/22/1966,10/31/2124,01 Jul 2017,14-03-9,07-09-15,August 05 2015,a,1835,0.3232518411
8/18/07,02/04/1965,9/6/2011,01 Sep 2018,36-07-10,07-09-16,February 09 2010,a,1836,0.9679087756
7/5/11,10/09/1967,4/22/2016,04 Apr 2010,15-11-2,02-07-15,September 09 2013,a,1837,0.8868757925
10/20/08,05/31/1965,10/2/2013,03 Aug 2015,70-01-1,12-08-14,July 07 2015,a,1838,0.4517007651
4/18/10,11/18/1965,10/31/2196,09 Mar 2011,14-02-5,09-06-18,July 10 2032,a,1839,0.0186343558
7/13/07,02/02/1965,10/31/2080,03 Sep 2018,30-07-10,05-03-11,June 01 2019,a,1840,0.7624947674
6/27/07,01/17/1965,10/31/2051,01 Jan 1970,26-07-10,07-06-13,February 05 2015,a,1841,0.9810543427
8/18/07,02/04/1965,9/12/2013,12 Jan 2017,70-01-1,08-01-12,November 10 2015,a,1842,0.3764152302
12/28/09,08/11/1965,3/31/2017,06 Jun 2017,17-11-12,04-07-15,September 01 2011,a,1843,0.8631573281
11/4/10,08/20/1966,8/31/2016,06 Nov 2016,12-04-9,04-08-15,April 01 2014,a,1844,0.6193925867
9/2/12,05/07/1968,7/10/2017,10 Dec 2012,12-11-10,04-03-18,January 02 2016,a,1845,0.4763246596
11/27/10,10/16/1966,4/29/2017,01 Jan 1970,17-11-12,08-01-16,April 12 2016,a,1846,0.690145458
5/30/12,03/27/1968,5/18/2017,11 Feb 2016,15-02-5,01-07-19,January 01 1970,a,1847,0.0780382803
3/2/07,01/02/1965,7/10/2012,08 Apr 2011,16-07-10,01-08-14,June 08 2016,a,1848,0.5875332708
4/14/10,11/16/1965,10/18/2016,07 Jun 2014,10-12-10,03-04-11,December 04 2015,a,1849,0.2120765223
12/30/11,02/12/1968,4/25/2013,05 Apr 2011,12-12-12,08-03-17,January 01 1970,a,1850,0.5636996182
4/17/13,06/07/1968,6/11/2016,01 May 2012,12-03-5,07-07-11,January 07 2012,a,1851,0.2767701576
5/25/11,08/30/1967,10/31/2035,07 Apr 2011,14-06-12,10-08-10,January 01 1970,a,1852,0.389034316
4/16/11,03/25/1967,10/31/2047,08 Jun 2010,17-04-1,01-02-13,June 10 2011,a,1853,0.5621551093
11/20/08,06/11/1965,3/4/2015,10 Nov 2012,70-01-1,03-03-14,January 05 2014,a,1854,0.2809695621
11/27/10,10/12/1966,10/31/2170,07 Sep 2011,18-06-3,06-09-11,February 10 2017,a,1855,0.9480944309
8/9/07,02/04/1965,1/20/2017,09 Oct 2015,32-07-10,09-03-11,April 05 2014,a,1856,0.044406862
7/27/10,03/19/1966,10/22/2013,12 Nov 2012,16-02-12,03-12-17,May 07 2012,a,1857,0.7134930311
12/23/11,02/06/1968,12/30/2010,01 Jan 1970,13-03-2,05-06-18,February 08 2015,a,1858,0.3642693838
5/18/11,08/01/1967,1/1/2013,10 Feb 2014,14-07-9,01-01-70,March 08 2014,a,1859,0.7573081155
9/28/07,02/06/1965,4/19/2010,01 Jan 1970,70-01-1,12-10-15,April 05 2013,a,1860,0.5183150521
7/22/10,03/08/1966,12/3/2010,07 Sep 2010,12-01-11,09-03-15,January 06 2013,a,1861,0.5142991248
9/8/11,12/13/1967,6/4/2015,10 Dec 2012,12-12-7,07-08-17,November 03 2015,a,1862,0.7127552279
8/7/08,04/25/1965,7/29/2016,03 May 2013,70-01-1,08-01-17,April 06 2011,a,1863,0.9233070947
4/25/11,05/01/1967,2/23/2015,01 Jan 1970,16-10-2,05-03-13,August 06 2011,a,1864,0.9973800716
2/3/10,09/09/1965,4/30/2017,09 Jan 2016,17-04-3,04-11-18,April 09 2015,a,1865,0.7477424133
11/27/10,10/27/1966,9/22/2012,02 Jul 2015,19-06-7,01-01-70,January 01 1970,a,1866,0.9067904592
9/20/10,06/04/1966,7/3/2016,10 Jul 2011,14-05-2,06-09-15,May 02 2010,a,1867,0.4774826258
1/28/10,09/08/1965,7/26/2011,10 Dec 2015,14-03-9,01-01-70,January 10 2014,a,1868,0.5525811735
5/3/11,06/12/1967,10/13/2014,06 Jan 2010,14-01-7,09-07-11,October 10 2014,a,1869,0.2464146701
8/2/10,03/29/1966,5/12/2016,11 Jun 2012,18-04-3,08-03-15,June 12 2012,a,1870,0.3821984632
2/25/10,09/18/1965,2/16/2013,07 Jul 2010,13-11-11,05-05-12,July 10 2011,a,1871,0.2975851468
8/17/12,04/23/1968,6/2/2011,03 Apr 2016,14-01-8,12-01-18,February 12 2011,a,1872,0.0971329974
6/11/11,09/19/1967,7/25/2013,01 Jan 1970,15-03-3,09-04-10,December 08 2014,a,1873,0.1859973897
11/20/10,09/15/1966,3/17/2010,01 Jan 1970,16-09-8,02-10-14,January 01 1970,a,1874,0.7192894774
8/7/08,04/24/1965,12/23/2016,03 Mar 2018,70-01-1,05-12-14,August 07 2013,a,1875,0.7592925922
5/2/10,11/23/1965,6/5/2010,01 Jan 1970,11-08-6,01-12-17,January 01 1970,a,1876,0.0967604908
12/14/08,06/11/1965,5/23/2015,10 Sep 2014,70-01-1,08-01-17,January 09 2015,a,1877,0.1446574243
9/4/10,05/20/1966,2/7/2014,07 Jan 2011,12-02-3,01-01-70,August 12 2010,a,1878,0.6598809889
5/19/13,06/19/1968,5/2/2012,10 Jun 2016,11-09-8,12-07-12,January 01 1970,a,1879,0.1183929367
7/2/10,02/26/1966,2/25/2017,01 Jan 1970,16-08-3,11-03-17,April 08 2014,a,1880,0.1111606472
7/13/08,04/09/1965,2/27/2012,02 Jan 2013,70-01-1,05-11-16,May 02 2013,a,1881,0.2156510497
9/1/07,02/04/1965,10/31/2089,07 Oct 2012,70-01-1,01-01-70,July 10 2036,a,1882,0.179604009
3/10/11,01/30/1967,10/31/2097,02 Sep 2014,17-08-8,01-01-70,May 10 2013,a,1883,0.0455043066
5/28/13,07/01/1968,12/16/2012,04 Jan 2012,17-10-4,04-06-17,May 05 2015,a,1884,0.5133748172
12/7/10,11/23/1966,10/31/2127,11 Aug 2012,15-02-12,02-03-15,June 02 2016,a,1885,0.289477788
5/3/10,12/08/1965,10/31/2114,01 Apr 2018,13-04-6,03-04-13,May 08 2012,a,1886,0.7687072491
5/29/13,07/02/1968,10/6/2013,10 Dec 2010,13-12-12,05-02-14,May 03 2017,a,1887,0.0553597027
6/24/13,07/23/1968,6/2/2010,01 Jan 1970,12-01-4,02-01-14,September 01 2014,a,1888,0.1170554431
9/3/10,05/19/1966,3/4/2010,10 Jun 2018,14-12-1,04-07-11,January 01 1970,a,1889,0.3825437013
10/6/10,07/11/1966,9/19/2011,07 Feb 2017,12-01-7,04-02-13,April 02 2015,a,1890,0.7454399959
4/11/11,03/04/1967,4/30/2013,11 Sep 2013,10-09-7,02-05-17,May 04 2019,a,1891,0.8364664237
3/22/12,02/28/1968,4/14/2014,10 Nov 2015,14-01-1,03-09-14,October 07 2017,a,1892,0.4244377884
7/31/10,03/26/1966,12/8/2011,01 Jan 1970,13-04-10,06-11-15,July 10 2023,a,1893,0.7473450717
4/10/11,03/04/1967,12/3/2012,06 Oct 2018,17-11-3,06-07-15,November 02 2016,a,1894,0.1350212422
4/20/09,06/27/1965,12/22/2010,01 Jan 1970,19-06-1,11-10-13,November 06 2016,a,1895,0.3196808142
6/23/10,02/18/1966,5/28/2014,01 Jan 1970,12-03-5,03-12-15,January 01 2014,a,1896,0.1842371162
3/8/11,01/21/1967,11/9/2010,02 Apr 2015,12-06-11,01-01-70,January 07 2017,a,1897,0.8596515043
7/9/12,04/19/1968,5/18/2017,05 Jan 2012,16-07-5,10-02-14,July 12 2012,a,1898,0.2445555901
9/1/11,12/10/1967,10/31/2175,01 Apr 2014,13-09-12,01-01-70,February 07 2014,a,1899,0.9850826952
2/5/10,09/14/1965,5/4/2012,09 Feb 2011,17-06-5,02-03-17,November 06 2018,a,1900,0.9777069728
5/13/11,07/20/1967,7/29/2010,01 Jan 1970,14-11-11,09-05-12,March 09 2013,a,1901,0.2097001231
11/21/10,09/26/1966,2/26/2016,01 Sep 2013,12-05-5,01-07-15,July 06 2013,a,1902,0.8359217198
10/17/10,07/21/1966,12/24/2011,01 Jan 1970,18-03-5,06-04-13,January 09 2012,a,1903,0.4813359258
3/2/12,02/21/1968,10/14/2012,04 Nov 2015,15-09-3,06-02-18,April 03 2010,a,1904,0.6042209694
6/5/10,02/10/1966,10/31/2021,09 Oct 2016,12-02-1,01-09-16,February 03 2010,a,1905,0.1915379899
11/26/10,10/07/1966,1/5/2013,11 Sep 2012,16-01-9,04-01-19,April 01 2018,a,1906,0.5399590623
10/31/10,08/16/1966,12/31/2013,01 Jan 1970,13-02-1,01-01-70,January 01 1970,a,1907,0.7602512358
8/5/11,11/30/1967,1/16/2017,02 Aug 2018,17-08-12,05-11-14,July 01 2017,a,1908,0.1460700345
10/30/12,05/16/1968,9/21/2010,11 Oct 2011,18-08-6,07-10-24,March 04 2013,a,1909,0.1967102716
5/3/10,12/13/1965,5/9/2012,07 Apr 2015,15-06-6,07-09-11,October 02 2016,a,1910,0.6553943456
8/26/08,05/03/1965,3/21/2010,12 Feb 2016,70-01-1,09-02-15,December 12 2012,a,1911,0.0973833158
5/3/11,06/20/1967,3/15/2011,01 Mar 2016,15-01-6,10-07-13,January 01 1970,a,1912,0.4918135758
1/27/12,02/19/1968,1/27/2017,10 Oct 2013,15-03-1,05-09-16,April 11 2016,a,1913,0.9267717279
10/15/08,05/23/1965,4/19/2010,10 Jun 2017,70-01-1,01-01-70,October 03 2013,a,1914,0.3797667992
4/6/11,02/25/1967,10/23/2011,02 Jan 2013,15-06-8,09-09-10,July 04 2017,a,1915,0.801057007
5/28/13,06/26/1968,6/8/2011,03 Sep 2015,12-04-12,01-01-70,July 03 2017,a,1916,0.5609496029
5/6/09,07/02/1965,4/20/2016,07 May 2018,16-08-11,05-05-16,March 06 2010,a,1917,0.684094301
10/12/08,05/22/1965,11/25/2010,11 Jan 2011,70-01-1,07-10-21,January 01 1970,a,1918,0.9858117925
8/18/07,02/04/1965,9/11/2017,01 Jan 1970,37-07-10,07-10-28,February 02 2014,a,1919,0.1896740828
5/2/10,11/27/1965,10/14/2013,07 Jun 2019,15-11-9,10-09-15,January 01 1970,a,1920,0.2438912309
8/19/07,02/04/1965,8/22/2010,11 Oct 2014,70-01-1,04-04-12,April 02 2013,a,1921,0.7991079897
3/28/11,02/22/1967,6/21/2017,09 Nov 2013,17-01-7,02-11-16,August 09 2013,a,1922,0.5958717638
10/30/10,08/01/1966,3/18/2017,12 May 2016,15-02-3,04-07-12,March 03 2018,a,1923,0.8690948139
3/25/10,10/16/1965,10/31/2162,05 Dec 2015,18-03-7,06-06-12,January 02 2011,a,1924,0.0427766551
10/12/07,02/07/1965,10/12/2016,07 Jan 2012,70-01-1,04-04-12,January 06 2017,a,1925,0.8059841073
2/5/10,09/13/1965,10/23/2010,05 Apr 2013,12-09-11,11-02-16,November 03 2013,a,1926,0.8208599788
2/27/10,09/21/1965,8/21/2016,08 Jan 2014,15-02-4,03-04-16,April 03 2018,a,1927,0.028802922
11/26/08,06/11/1965,4/14/2011,08 Jan 2018,70-01-1,01-02-13,September 08 2016,a,1928,0.9678901865
8/19/10,04/11/1966,3/4/2011,07 Jun 2018,10-03-6,10-08-12,May 02 2016,a,1929,0.31391129
9/19/10,06/02/1966,3/3/2014,01 Sep 2018,15-11-1,12-12-11,January 06 2019,a,1930,0.5466925295
6/7/11,09/16/1967,7/9/2010,12 Dec 2012,10-12-8,04-10-11,November 09 2012,a,1931,0.9564923083
5/20/11,08/19/1967,9/20/2011,07 Feb 2013,11-09-11,01-08-12,April 02 2013,a,1932,0.2009522652
9/28/10,06/13/1966,11/16/2011,05 Mar 2017,16-11-7,01-01-70,August 09 2010,a,1933,0.1752745375
4/21/11,04/01/1967,3/21/2011,01 Mar 2019,15-03-7,06-05-18,July 08 2018,a,1934,0.3274227086
8/28/10,05/11/1966,9/22/2013,12 Jul 2012,12-04-5,04-02-14,August 09 2012,a,1935,0.1299436251
7/16/08,04/10/1965,5/10/2014,10 Feb 2017,70-01-1,10-04-17,December 03 2015,a,1936,0.8868039092
7/9/12,04/14/1968,9/28/2013,01 Jan 1970,15-03-1,08-10-13,April 02 2015,a,1937,0.9708252984
4/18/10,11/21/1965,10/31/2075,01 Jan 1970,14-02-12,04-12-16,March 02 2013,a,1938,0.9329665462
4/12/11,03/13/1967,6/5/2014,05 May 2015,15-05-4,01-01-70,August 09 2012,a,1939,0.0971256372
4/18/12,03/09/1968,11/24/2016,02 Oct 2016,14-02-8,06-11-12,May 07 2011,a,1940,0.0235248923
8/6/08,04/18/1965,2/14/2016,10 Oct 2011,70-01-1,12-01-17,May 10 2015,a,1941,0.7657844185
5/30/10,02/05/1966,5/28/2011,03 Sep 2011,16-01-7,09-05-12,January 01 1970,a,1942,0.6804155703
9/27/10,06/07/1966,10/31/2079,06 Jun 2017,16-03-4,09-11-11,April 11 2011,a,1943,0.8913322853
5/11/09,07/06/1965,10/21/2013,01 Jan 1970,13-04-2,01-01-70,September 12 2013,a,1944,0.0375053173
10/10/11,12/25/1967,7/16/2010,09 Nov 2017,18-05-6,02-01-12,September 08 2011,a,1945,0.1036170871
6/5/10,02/13/1966,1/18/2013,03 Dec 2011,13-03-2,03-12-12,September 11 2011,a,1946,0.5802959335
9/7/08,05/17/1965,6/10/2012,01 Jan 1970,70-01-1,07-10-17,February 12 2016,a,1947,0.0658475321
2/28/08,03/04/1965,12/13/2016,02 Sep 2013,70-01-1,10-04-16,February 12 2016,a,1948,0.7971993973
1/15/13,05/20/1968,10/31/2048,01 Mar 2019,15-10-7,03-11-15,July 08 2014,a,1949,0.6704296197
5/20/08,03/28/1965,4/15/2015,10 Apr 2011,70-01-1,05-01-18,September 12 2010,a,1950,0.6162925289
10/30/10,08/05/1966,10/23/2012,10 Aug 2016,11-10-3,04-05-15,March 01 2019,a,1951,0.383193251
3/19/09,06/17/1965,7/28/2013,12 Mar 2015,70-01-1,09-01-14,January 01 1970,a,1952,0.4535049161
11/24/08,06/11/1965,9/29/2013,01 Jan 1970,70-01-1,09-01-18,July 03 2013,a,1953,0.7907323097
10/1/10,06/27/1966,11/25/2013,09 Sep 2010,15-09-9,09-04-17,May 04 2010,a,1954,0.5218306054
3/12/13,05/28/1968,1/23/2011,10 Nov 2013,15-08-12,07-02-15,December 05 2016,a,1955,0.1260257039
6/16/13,07/17/1968,9/9/2016,08 Feb 2014,14-02-3,01-07-15,December 08 2015,a,1956,0.2503610412
4/18/12,03/10/1968,5/26/2013,02 Nov 2015,17-10-7,04-03-10,January 01 1970,a,1957,0.7374870983
12/1/10,11/13/1966,10/23/2011,03 Dec 2012,10-04-4,04-03-16,February 09 2017,a,1958,0.4521806479
9/26/11,12/21/1967,3/15/2016,05 Feb 2012,12-02-6,02-12-16,January 01 1970,a,1959,0.4592069351
4/30/13,06/12/1968,2/18/2017,01 Jan 1970,15-12-5,01-06-19,July 01 2013,a,1960,0.8520843038
9/5/07,02/05/1965,10/31/2107,09 Sep 2015,70-01-1,03-01-19,June 10 2016,a,1961,0.8721111401
8/25/10,05/02/1966,10/31/2071,09 Sep 2016,15-06-6,01-01-70,February 08 2012,a,1962,0.866831332
5/11/11,07/02/1967,10/12/2010,09 Sep 2016,11-04-3,01-01-70,April 07 2012,a,1963,0.5111843161
7/21/10,03/08/1966,6/30/2013,03 Mar 2017,15-11-10,02-08-18,April 01 2017,a,1964,0.9080711306
1/9/12,02/13/1968,9/11/2015,05 Jul 2016,15-05-8,12-12-13,April 01 2012,a,1965,0.9780604064
12/23/11,02/04/1968,6/28/2012,01 Sep 2011,12-11-9,06-08-10,October 09 2016,a,1966,0.3489875383
9/27/11,12/23/1967,10/31/2186,06 Jan 2013,13-09-2,08-03-16,January 01 1970,a,1967,0.9898888992
11/30/11,01/14/1968,7/21/2010,09 Nov 2015,16-05-9,08-04-17,January 01 1970,a,1968,0.9719914388
3/14/10,10/01/1965,2/13/2011,03 Nov 2013,17-11-12,04-05-12,January 11 2015,a,1969,0.5361451131
6/7/08,04/01/1965,1/28/2017,11 Mar 2014,70-01-1,07-09-16,May 09 2015,a,1970,0.9681219247
12/2/12,05/16/1968,10/19/2010,02 May 2014,15-07-9,10-05-15,January 05 2011,a,1971,0.9047999614
12/5/12,05/17/1968,10/31/2085,12 Jul 2013,11-11-10,10-06-11,September 03 2011,a,1972,0.0546552067
4/10/13,05/30/1968,12/23/2016,09 Jul 2016,18-06-10,11-06-16,September 09 2015,a,1973,0.6478443271
8/24/10,05/01/1966,12/29/2016,07 Oct 2013,13-11-10,01-01-70,February 06 2017,a,1974,0.6454638119
4/18/13,06/07/1968,8/7/2015,07 Jun 2014,11-02-12,01-01-70,December 01 2017,a,1975,0.7044297597
2/5/11,01/05/1967,10/31/2043,01 Jan 1970,13-11-4,03-10-12,February 06 2011,a,1976,0.9492731734
5/2/10,11/27/1965,10/5/2013,04 Jun 2018,15-08-11,09-09-16,January 01 1970,a,1977,0.5638861833
4/14/11,03/19/1967,7/6/2015,12 Apr 2013,16-04-7,01-01-70,June 12 2012,a,1978,0.7171982127
11/27/10,10/11/1966,1/9/2011,12 Mar 2011,12-08-9,11-10-12,July 08 2015,a,1979,0.5275435442
12/22/10,12/15/1966,11/21/2013,01 Jan 1970,16-02-4,04-06-13,January 01 1970,a,1980,0.9168996201
5/6/09,07/01/1965,10/23/2014,08 Apr 2013,13-06-4,01-01-70,December 08 2015,a,1981,0.9435969495
12/12/09,08/16/1965,2/13/2017,02 Nov 2015,18-11-7,03-11-14,November 11 2014,a,1982,0.5777261168
4/1/08,03/14/1965,12/2/2010,12 Dec 2011,70-01-1,01-11-12,July 09 2012,a,1983,0.7746621203
7/22/08,04/15/1965,8/13/2016,04 Jun 2019,70-01-1,09-09-15,February 06 2011,a,1984,0.6455035534
4/15/09,06/27/1965,5/23/2013,07 Dec 2012,70-01-1,06-10-12,October 10 2013,a,1985,0.9310600324
4/13/11,03/13/1967,8/25/2016,05 Mar 2012,15-11-3,09-03-14,September 01 2018,a,1986,0.7986416303
10/29/07,02/09/1965,10/31/2070,11 Aug 2015,70-01-1,11-11-14,September 09 2016,a,1987,0.5277455154
10/23/12,05/16/1968,10/31/2036,08 Dec 2011,13-10-3,05-07-16,July 11 2010,a,1988,0.4942526163
5/4/11,06/24/1967,10/31/2057,09 Jul 2015,16-12-5,01-04-12,September 04 2010,a,1989,0.838060406
9/28/10,06/13/1966,6/16/2015,01 Aug 2016,17-05-3,02-04-13,November 11 2013,a,1990,0.4904346836
7/3/11,10/03/1967,5/3/2012,12 Dec 2012,13-06-4,07-10-12,September 05 2016,a,1991,0.6103280385
8/26/08,05/01/1965,10/5/2013,12 Aug 2010,70-01-1,01-01-70,September 10 2011,a,1992,0.8803448617
9/9/07,02/05/1965,9/10/2015,09 Aug 2014,70-01-1,09-09-12,January 01 1970,a,1993,0.8865250122
7/9/08,04/08/1965,4/5/2015,12 May 2014,70-01-1,02-03-13,January 01 1970,a,1994,0.7517569586
9/2/07,02/04/1965,10/31/2119,05 Oct 2015,70-01-1,04-05-16,March 04 2017,a,1995,0.8123190013
4/12/10,11/12/1965,10/15/2011,01 Jan 1970,14-03-2,11-06-12,May 07 2016,a,1996,0.804451502
5/6/13,06/14/1968,3/20/2015,01 Jan 1970,14-01-7,07-04-12,August 03 2012,a,1997,0.5702842783
10/1/10,06/27/1966,10/31/2038,06 Oct 2014,18-06-4,05-10-13,July 08 2017,a,1998,0.3086240934
12/2/11,01/19/1968,12/22/2016,09 May 2015,15-05-10,02-01-12,June 06 2012,a,1999,0.6005912079
6/22/11,09/22/1967,10/31/2065,02 May 2011,15-01-2,02-11-13,November 04 2013,a,2000,0.2539837844
12/25/11,02/10/1968,8/28/2011,01 Jan 1970,16-01-8,01-08-16,October 08 2012,a,2001,0.4610836349
6/25/13,07/25/1968,10/31/2056,01 Jan 1970,13-04-6,07-04-11,January 08 2014,a,2002,0.8657552827
11/29/11,01/13/1968,8/13/2011,01 Jan 1970,17-08-3,04-05-12,January 06 2013,a,2003,0.4108860692
8/21/07,02/04/1965,3/23/2011,08 Oct 2012,70-01-1,04-10-13,February 12 2014,a,2004,0.7429463405
8/25/10,05/05/1966,2/16/2017,01 Jan 1970,12-03-7,04-11-12,January 01 1970,a,2005,0.7833432589
5/22/11,08/24/1967,2/15/2013,01 Jan 1970,18-06-2,01-11-12,July 04 2015,a,2006,0.3006994575
4/16/08,03/18/1965,4/18/2013,05 Sep 2012,70-01-1,04-02-13,May 10 2013,a,2007,0.2132788389
5/7/13,06/16/1968,2/10/2014,09 Jun 2011,15-01-7,02-07-13,November 12 2017,a,2008,0.2578056331
12/2/11,01/15/1968,3/24/2014,05 Aug 2015,13-06-1,04-09-13,December 10 2014,a,2009,0.7647561105
6/27/11,09/26/1967,5/11/2017,01 Jan 1970,14-02-2,08-05-15,September 02 2015,a,2010,0.5721083845
5/28/08,03/28/1965,7/17/2012,08 Sep 2012,70-01-1,01-01-70,October 05 2015,a,2011,0.6109478914
7/12/10,02/28/1966,9/11/2012,03 Nov 2015,14-04-1,05-06-14,November 10 2015,a,2012,0.5306038065
5/3/10,12/15/1965,11/24/2013,10 May 2015,12-10-9,01-01-70,January 01 2013,a,2013,0.9173617128
11/11/09,08/13/1965,11/21/2015,04 Apr 2019,18-04-12,01-01-13,November 11 2014,a,2014,0.3180127712
1/30/13,05/24/1968,11/30/2010,09 Oct 2013,17-03-3,01-10-10,December 10 2010,a,2015,0.0608624183
3/10/08,03/05/1965,9/21/2014,01 Jan 1970,70-01-1,06-07-18,January 01 1970,a,2016,0.2466615346
10/1/10,07/04/1966,5/19/2014,02 Apr 2014,15-09-9,03-08-11,February 05 2015,a,2017,0.2238845738
4/25/11,04/21/1967,10/31/2082,02 Mar 2014,11-09-3,12-04-15,March 04 2017,a,2018,0.8871145644
8/28/10,05/14/1966,6/28/2012,01 Jan 1970,15-06-9,12-02-18,February 12 2010,a,2019,0.3998403656
5/22/10,01/24/1966,3/12/2013,01 Jan 1970,16-10-4,05-01-15,June 05 2018,a,2020,0.157940943
4/24/09,06/30/1965,8/11/2016,09 Sep 2015,14-04-1,01-05-11,January 01 1970,a,2021,0.7752049568
8/4/08,04/18/1965,3/28/2014,03 Nov 2011,70-01-1,06-08-12,January 01 1970,a,2022,0.0929729136
3/30/10,10/19/1965,8/28/2012,01 Jan 1970,10-02-3,01-01-70,June 10 2016,a,2023,0.4675971986
1/7/09,06/13/1965,7/21/2010,01 Jan 1970,70-01-1,09-11-16,January 02 2019,a,2024,0.6112087569
9/7/12,05/08/1968,9/1/2016,06 Jun 2010,18-10-6,02-06-16,April 12 2018,a,2025,0.4076291192
10/29/07,02/12/1965,8/1/2016,05 Jun 2018,70-01-1,04-07-16,July 02 2015,a,2026,0.8739795291
1/24/10,08/24/1965,4/4/2010,01 Jan 1970,16-01-2,01-01-70,January 09 2015,a,2027,0.0069271364
3/30/12,03/05/1968,1/30/2017,08 Jun 2017,12-07-10,12-11-17,April 08 2013,a,2028,0.901598723
3/9/11,01/24/1967,7/17/2010,11 Oct 2013,10-03-10,08-04-18,March 09 2014,a,2029,0.2608782634
3/7/11,01/19/1967,9/3/2014,02 Jan 2018,16-02-11,09-11-12,July 08 2012,a,2030,0.2393574244
4/25/11,04/23/1967,3/5/2015,02 Feb 2017,16-03-5,05-12-10,January 01 1970,a,2031,0.2222298276
8/24/10,04/23/1966,3/9/2015,03 Apr 2017,14-03-8,07-05-15,April 02 2013,a,2032,0.2230977456
10/7/11,12/24/1967,10/28/2013,06 Sep 2017,18-01-2,02-12-16,January 01 1970,a,2033,0.2452659053
1/7/08,03/01/1965,6/23/2010,09 Feb 2010,70-01-1,01-02-15,March 09 2013,a,2034,0.7029128358
5/13/11,07/16/1967,5/5/2016,07 Feb 2015,13-07-6,07-01-15,March 07 2014,a,2035,0.3288269116
3/26/10,10/17/1965,12/16/2011,01 Jan 1970,15-03-6,11-05-16,June 08 2010,a,2036,0.8826390778
7/17/11,11/04/1967,7/29/2014,11 Feb 2015,14-01-8,10-10-14,January 01 1970,a,2037,0.199537997
3/15/12,02/27/1968,10/31/2095,08 Mar 2014,14-01-10,09-09-16,January 01 1970,a,2038,0.699490048
10/31/07,02/15/1965,2/16/2017,08 Jun 2015,70-01-1,10-11-11,February 11 2015,a,2039,0.9209599011
4/12/10,11/14/1965,4/21/2014,12 Mar 2017,14-07-4,08-05-14,November 07 2018,a,2040,0.8470008122
11/27/10,10/19/1966,2/17/2013,10 Feb 2013,15-01-7,05-01-18,January 01 1970,a,2041,0.279567299
9/23/10,06/07/1966,4/21/2016,10 Jul 2032,11-04-7,02-10-17,May 12 2012,a,2042,0.8220814261
4/23/13,06/08/1968,7/28/2014,03 Mar 2014,14-05-4,01-01-70,June 07 2019,a,2043,0.1409255981
8/1/10,03/26/1966,10/28/2013,12 Jan 2016,13-02-9,01-01-70,January 01 1970,a,2044,0.8498816245
6/20/08,04/04/1965,8/16/2012,06 Aug 2011,70-01-1,02-12-10,August 03 2016,a,2045,0.606534965
11/13/10,08/30/1966,6/22/2010,01 Jan 1970,16-01-1,10-02-13,June 10 2012,a,2046,0.5674760833
3/13/10,09/28/1965,8/2/2011,07 Nov 2018,13-09-2,06-06-15,March 02 2013,a,2047,0.3693078288
12/25/12,05/17/1968,7/27/2012,01 Jan 1970,19-03-1,04-09-14,January 01 1970,a,2048,0.7757578536
4/25/11,05/04/1967,3/2/2010,06 Apr 2014,18-06-5,07-05-16,February 10 2014,a,2049,0.6384563639
12/2/11,01/19/1968,10/31/2147,01 Jan 1970,12-03-12,01-01-70,March 04 2011,a,2050,0.6378174703
11/29/10,11/03/1966,3/25/2014,04 Jul 2015,18-09-3,05-01-12,July 10 2020,a,2051,0.7935147727
8/26/08,04/29/1965,10/31/2091,05 Apr 2014,70-01-1,03-10-16,January 02 2016,a,2052,0.9070114695
5/17/10,01/22/1966,10/31/2158,12 May 2014,11-02-8,03-05-12,September 11 2016,a,2053,0.3879597474
8/19/09,07/20/1965,10/31/2029,09 Mar 2012,12-05-7,06-03-18,October 07 2015,a,2054,0.2052075764
11/27/12,05/16/1968,3/17/2016,02 Sep 2015,18-01-1,01-02-11,January 01 1970,a,2055,0.1939264746
8/26/08,05/02/1965,11/14/2015,07 May 2013,70-01-1,07-03-17,November 08 2011,a,2056,0.6694554409
12/12/07,03/01/1965,6/29/2017,10 Jul 2027,70-01-1,02-04-12,January 01 1970,a,2057,0.9551915713
1/10/10,08/18/1965,10/31/2144,08 Dec 2014,15-07-9,02-01-13,June 01 2016,a,2058,0.52008536
1/14/13,05/20/1968,10/31/2015,02 Sep 2013,16-03-1,01-01-70,January 01 1970,a,2059,0.4674931122
8/28/10,05/17/1966,11/27/2014,06 Jul 2014,11-01-7,05-05-15,April 06 2014,a,2060,0.5389678531
12/9/09,08/14/1965,3/30/2017,01 Aug 2017,17-12-11,01-01-70,March 11 2013,a,2061,0.0605819067
11/7/10,08/26/1966,6/12/2012,08 Oct 2014,17-02-10,10-11-14,June 09 2011,a,2062,0.6985418673
12/22/10,12/20/1966,10/31/2088,11 Jun 2012,14-06-1,01-07-17,January 01 1970,a,2063,0.9103088518
9/8/11,12/13/1967,10/24/2011,11 Apr 2011,17-04-11,07-12-12,February 07 2017,a,2064,0.7455229444
11/4/10,08/18/1966,10/10/2013,02 Sep 2015,15-07-11,02-08-12,March 04 2013,a,2065,0.0645217115
5/26/10,01/31/1966,7/18/2017,04 May 2019,11-04-7,11-12-17,July 01 2015,a,2066,0.4255951805
6/20/11,09/20/1967,3/23/2016,09 Jul 2016,15-10-5,01-07-16,April 04 2010,a,2067,0.503220232
9/25/11,12/18/1967,1/26/2012,09 Sep 2015,16-05-2,05-03-17,November 06 2011,a,2068,0.3014540535
12/2/11,01/21/1968,8/6/2010,05 Oct 2011,13-04-2,03-07-14,January 10 2015,a,2069,0.064290823
11/8/09,08/13/1965,10/31/2063,07 Jul 2015,12-11-6,03-04-17,May 04 2013,a,2070,0.3145086842
10/31/11,01/02/1968,11/9/2013,01 Jul 2014,13-05-7,02-11-12,June 03 2018,a,2071,0.4508662491
11/4/10,08/18/1966,10/2/2014,06 Apr 2014,14-12-10,01-01-70,October 08 2012,a,2072,0.8941790256
5/29/08,03/29/1965,2/25/2013,01 Jan 1970,70-01-1,07-10-34,May 01 2018,a,2073,0.1753184708
10/5/10,07/10/1966,10/31/2184,02 Oct 2016,12-01-9,01-01-70,January 02 2011,a,2074,0.257167778
5/31/12,04/01/1968,11/5/2016,05 Jan 2015,14-03-5,01-01-70,January 01 1970,a,2075,0.956501279
7/18/11,11/08/1967,2/3/2013,01 Jan 1970,17-06-3,02-10-13,June 04 2015,a,2076,0.1891309173
8/14/12,04/21/1968,10/31/2037,01 Aug 2017,14-02-11,02-08-11,July 10 2030,a,2077,0.4694736831
4/24/11,04/10/1967,3/2/2017,03 Mar 2014,11-01-11,03-05-12,February 04 2014,a,2078,0.1873549449
5/3/10,12/25/1965,3/1/2013,06 Feb 2010,12-05-1,08-04-11,December 07 2013,a,2079,0.1037846048
9/6/08,05/16/1965,7/12/2012,01 Jan 2014,70-01-1,04-05-13,July 10 2019,a,2080,0.8856423776
5/1/12,03/11/1968,8/12/2011,01 Jan 1970,13-04-9,08-12-11,January 01 1970,a,2081,0.3257677401
11/22/11,01/07/1968,9/7/2016,02 Apr 2014,11-03-12,08-11-16,January 01 1970,a,2082,0.9376708839
10/9/07,02/06/1965,9/22/2010,12 Apr 2016,70-01-1,01-02-16,August 02 2018,a,2083,0.570082171
5/3/10,12/10/1965,3/24/2011,09 Mar 2010,13-10-2,11-12-12,May 02 2016,a,2084,0.7899047437
10/1/10,06/29/1966,10/31/2072,02 Feb 2014,12-04-7,02-08-14,November 01 2015,a,2085,0.7485202106
4/8/09,06/20/1965,10/31/2153,07 Dec 2016,70-01-1,11-08-11,September 11 2012,a,2086,0.9670735981
11/24/11,01/13/1968,3/11/2013,10 Jan 2014,16-09-5,01-01-70,July 08 2012,a,2087,0.6006511936
1/16/11,01/04/1967,7/27/2016,01 Jan 1970,15-01-5,12-03-15,October 09 2015,a,2088,0.8567200138
12/11/07,02/26/1965,6/4/2015,01 Jun 2012,70-01-1,05-08-15,April 05 2012,a,2089,0.2909012481
7/28/08,04/16/1965,11/11/2014,08 Dec 2015,70-01-1,07-10-25,April 02 2018,a,2090,0.4135450526
12/19/10,12/07/1966,3/20/2010,05 Mar 2012,13-07-4,04-08-16,February 04 2010,a,2091,0.2997491899
4/15/07,01/09/1965,9/9/2015,03 Feb 2014,20-07-10,07-08-18,September 11 2010,a,2092,0.315687054
11/8/09,08/13/1965,1/7/2015,10 Jul 2026,14-09-2,01-09-16,November 05 2015,a,2093,0.5033009398
1/16/13,05/22/1968,3/15/2010,08 Mar 2014,14-02-10,12-10-11,January 01 1970,a,2094,0.5758620441
9/22/07,02/06/1965,10/31/2069,01 Jan 1970,70-01-1,02-12-17,February 05 2012,a,2095,0.422693437
12/2/11,01/14/1968,2/5/2011,08 Jul 2015,15-06-6,10-12-11,May 12 2014,a,2096,0.6121319947
11/29/10,11/11/1966,7/19/2014,05 May 2016,12-01-8,06-08-14,October 09 2015,a,2097,0.4368942697
10/15/10,07/19/1966,10/31/2083,01 Jan 1970,11-10-8,01-01-70,April 06 2014,a,2098,0.4892511496
3/14/10,10/01/1965,5/14/2014,03 Jun 2017,10-02-12,09-12-15,August 10 2013,a,2099,0.1008290421
11/20/10,09/18/1966,3/13/2017,04 Jul 2013,11-07-10,01-07-13,March 11 2015,a,2100,0.5496623865
1/26/10,09/04/1965,1/9/2013,12 Jul 2012,16-06-8,05-01-13,October 04 2016,a,2101,0.5128985529
3/14/08,03/06/1965,10/16/2010,09 Jan 2010,70-01-1,07-01-17,May 06 2019,a,2102,0.5507197478
9/9/07,02/05/1965,10/31/2042,11 Nov 2013,70-01-1,02-03-12,February 03 2012,a,2103,0.9160164091
12/22/10,12/28/1966,10/31/2032,10 Jun 2012,14-01-5,02-12-15,January 01 1970,a,2104,0.9474861363
5/13/11,07/12/1967,9/22/2014,11 Mar 2017,17-02-3,08-11-15,April 04 2012,a,2105,0.6290123066
3/9/08,03/05/1965,10/31/2138,02 Apr 2018,70-01-1,01-01-70,October 10 2011,a,2106,0.7403948283
9/3/08,05/12/1965,9/19/2015,05 Feb 2015,70-01-1,01-01-70,February 04 2015,a,2107,0.1377393694
4/25/11,05/09/1967,10/3/2010,02 May 2011,17-12-1,03-05-16,January 01 1970,a,2108,0.5648377528
3/24/12,03/02/1968,10/31/2163,09 May 2016,13-10-11,08-06-11,October 07 2012,a,2109,0.477506098
12/21/12,05/17/1968,2/19/2012,01 May 2018,12-11-10,01-01-70,January 09 2011,a,2110,0.4535963927
12/19/08,06/12/1965,10/31/2192,09 Apr 2013,70-01-1,07-08-12,April 05 2015,a,2111,0.3367131132
7/22/10,03/08/1966,7/17/2012,10 Dec 2014,14-09-1,01-01-70,January 01 1970,a,2112,0.7478616065
11/28/12,05/16/1968,5/3/2012,07 Aug 2017,18-04-2,01-07-12,November 02 2012,a,2113,0.0568758871
5/23/10,01/26/1966,9/14/2010,09 Jan 2012,18-09-1,10-06-18,June 04 2018,a,2114,0.6317770462
8/28/10,05/11/1966,8/22/2011,07 Jan 2013,13-04-8,05-02-13,April 06 2017,a,2115,0.4853299022
11/30/10,11/12/1966,12/28/2016,07 May 2017,11-12-1,02-04-14,April 10 2011,a,2116,0.507102081
9/16/12,05/09/1968,5/21/2013,08 Aug 2017,11-01-5,04-03-17,July 10 2035,a,2117,0.1082311582
1/13/13,05/20/1968,7/23/2017,12 Feb 2017,12-08-9,10-06-14,January 12 2016,a,2118,0.4680161274
12/21/10,12/14/1966,11/6/2012,09 Jul 2012,14-04-2,11-06-17,April 12 2015,a,2119,0.1824721875
12/15/11,01/30/1968,12/29/2012,03 Mar 2014,17-02-10,01-01-16,January 01 1970,a,2120,0.6827701827
7/30/10,03/23/1966,10/31/2018,02 Oct 2014,10-09-12,01-01-70,July 09 2016,a,2121,0.153743064
4/29/13,06/12/1968,7/2/2014,03 Oct 2013,16-03-10,01-01-70,December 03 2011,a,2122,0.0507830862
11/4/07,02/18/1965,5/1/2014,01 Jun 2016,70-01-1,12-11-14,March 06 2012,a,2123,0.2395523385
10/31/07,02/17/1965,4/26/2014,02 Dec 2018,70-01-1,07-11-15,January 01 1970,a,2124,0.0204687547
12/9/09,08/14/1965,8/17/2013,01 Nov 2015,13-08-10,01-01-70,November 10 2013,a,2125,0.7685078686
5/6/12,03/22/1968,1/18/2015,10 Jul 2033,16-02-12,01-02-19,January 01 1970,a,2126,0.187120815
4/24/11,04/12/1967,10/31/2179,07 Oct 2017,13-01-1,10-10-13,March 09 2014,a,2127,0.4328530595
11/1/12,05/16/1968,10/31/2030,07 Feb 2014,17-07-3,04-10-15,April 10 2015,a,2128,0.9884382408
5/3/10,12/22/1965,7/25/2014,03 Mar 2011,14-02-7,02-08-15,September 05 2012,a,2129,0.003888068
5/21/11,08/21/1967,7/4/2011,09 Apr 2012,17-08-7,02-09-11,January 02 2012,a,2130,0.203260884
10/30/10,08/07/1966,6/4/2010,11 Sep 2012,16-04-12,02-04-10,April 05 2011,a,2131,0.6396509036
5/19/11,08/15/1967,9/11/2013,12 Mar 2012,11-02-9,01-09-10,January 01 1970,a,2132,0.1006838743
9/26/09,08/11/1965,10/19/2012,01 Jan 1970,14-10-5,06-12-16,January 01 1970,a,2133,0.4942174835
8/17/07,02/04/1965,9/20/2012,01 Jan 1970,35-07-10,07-02-14,May 08 2015,a,2134,0.970697349
3/28/08,03/09/1965,10/31/2200,01 Jan 1970,70-01-1,11-10-15,February 10 2014,a,2135,0.0834976759
5/29/10,02/03/1966,10/31/2066,04 Mar 2013,12-03-11,02-05-14,January 03 2013,a,2136,0.3689145605
5/3/11,06/21/1967,2/22/2015,08 Apr 2015,11-09-7,02-01-17,January 01 1970,a,2137,0.506441285
7/5/08,04/06/1965,3/19/2016,01 Jan 1970,70-01-1,12-10-14,September 07 2011,a,2138,0.6995683869
8/28/08,05/04/1965,10/31/2160,03 Apr 2010,70-01-1,06-08-15,February 08 2014,a,2139,0.3092579702
5/29/10,02/04/1966,6/25/2011,04 Jun 2013,17-09-4,07-05-15,March 03 2014,a,2140,0.5893147645
7/18/11,11/08/1967,2/13/2010,03 Nov 2017,11-05-6,09-09-13,January 06 2013,a,2141,0.5030016813
5/29/10,02/05/1966,4/9/2010,01 Jan 1970,13-12-9,03-09-10,March 12 2015,a,2142,0.438816418
11/4/10,08/19/1966,9/2/2010,01 Jan 1970,13-07-3,09-09-15,February 05 2014,a,2143,0.3138357812
5/3/10,12/30/1965,10/20/2012,03 Aug 2012,13-03-2,04-06-11,July 12 2012,a,2144,0.8689178554
11/27/10,10/07/1966,10/31/2154,05 Apr 2012,13-11-9,05-07-17,January 01 1970,a,2145,0.2148823473
5/22/11,08/26/1967,10/31/2023,03 Mar 2014,10-04-6,02-12-16,November 08 2016,a,2146,0.7775526897
8/15/11,12/09/1967,12/6/2015,09 Jan 2015,12-08-11,06-03-19,June 10 2015,a,2147,0.4868771808
6/28/10,02/25/1966,10/23/2012,10 Apr 2012,16-07-9,03-03-17,October 06 2014,a,2148,0.1156429089
5/22/11,08/22/1967,3/21/2014,01 Jan 1970,14-12-11,10-09-15,January 02 2013,a,2149,0.0014452236
12/11/07,02/25/1965,8/9/2016,11 Mar 2014,70-01-1,01-01-70,August 03 2015,a,2150,0.9641136177
5/26/13,06/22/1968,3/12/2011,05 May 2016,11-07-2,01-01-70,September 09 2015,a,2151,0.9624656955
10/31/10,08/07/1966,7/27/2010,07 May 2013,18-04-2,01-01-70,May 01 2013,a,2152,0.7975432285
8/23/12,04/26/1968,10/30/2016,01 Jan 1970,17-01-8,05-04-13,December 11 2014,a,2153,0.1732604064
4/24/11,04/10/1967,3/24/2014,07 May 2012,15-11-10,02-01-15,April 10 2013,a,2154,0.0298692661
4/13/11,03/14/1967,9/18/2014,12 Apr 2015,17-05-7,01-01-70,May 12 2018,a,2155,0.0330979389
3/31/10,11/03/1965,10/31/2012,10 Jul 2030,14-04-6,02-10-17,July 10 2014,a,2156,0.0777164865
5/6/12,03/22/1968,4/23/2012,02 Apr 2013,16-03-7,06-01-14,August 01 2016,a,2157,0.4126206273
3/11/10,09/22/1965,10/31/2177,01 Jan 1970,15-12-3,12-10-10,May 09 2016,a,2158,0.6408524827
6/28/10,02/22/1966,9/27/2012,01 Jan 1970,13-01-1,11-08-16,September 06 2018,a,2159,0.8520473542
5/19/11,08/19/1967,7/28/2015,01 Aug 2018,16-04-5,12-12-11,January 01 1970,a,2160,0.2097422114
7/22/11,11/15/1967,10/31/2126,01 Jan 1970,14-02-7,11-10-15,February 11 2012,a,2161,0.8634726257
9/20/11,12/16/1967,1/29/2016,06 Jan 2013,15-04-6,01-01-70,September 01 2017,a,2162,0.5874986316
10/17/09,08/11/1965,12/9/2015,05 Feb 2012,16-04-11,01-01-70,January 11 2015,a,2163,0.972267685
8/23/12,04/26/1968,4/2/2011,03 Jan 2016,10-02-9,02-02-18,January 01 1970,a,2164,0.2970320461
2/4/10,09/11/1965,6/13/2012,05 Mar 2018,18-03-10,09-08-14,October 06 2012,a,2165,0.1958136387
8/3/11,11/28/1967,4/3/2013,11 Apr 2015,11-04-8,03-12-11,December 06 2017,a,2166,0.238906332
12/18/08,06/12/1965,10/31/2164,10 Jul 2037,70-01-1,12-11-14,February 02 2018,a,2167,0.1604244395
7/13/10,02/28/1966,11/28/2015,01 Feb 2014,12-12-6,05-04-19,January 03 2016,a,2168,0.2373541202
12/16/07,03/01/1965,1/21/2017,08 Jan 2014,70-01-1,05-06-19,March 03 2017,a,2169,0.7123678252
8/5/10,04/06/1966,6/11/2012,07 May 2011,15-04-5,01-01-70,February 09 2010,a,2170,0.967746409
9/6/07,02/05/1965,10/31/2039,08 Jun 2014,70-01-1,09-08-17,January 01 1970,a,2171,0.2642663294
4/16/11,03/24/1967,9/15/2012,10 Oct 2014,17-07-3,01-06-10,February 09 2013,a,2172,0.7465347243
7/10/11,10/16/1967,1/11/2015,07 Nov 2015,14-09-8,11-05-15,April 11 2017,a,2173,0.6794111069
4/13/08,03/18/1965,5/13/2011,02 Apr 2018,70-01-1,01-10-14,January 01 1970,a,2174,0.5867817663
9/29/10,06/15/1966,2/19/2011,03 Feb 2013,13-07-10,05-09-16,March 05 2018,a,2175,0.2709492471
1/25/10,09/01/1965,7/20/2012,01 Jan 1970,15-04-3,01-01-70,August 12 2015,a,2176,0.4802627635
12/8/10,12/01/1966,3/23/2014,04 Jul 2013,12-05-12,03-05-18,April 05 2016,a,2177,0.4016484189
4/8/12,03/05/1968,5/5/2012,12 Apr 2016,12-01-5,07-10-14,April 06 2016,a,2178,0.6429992175
10/17/07,02/08/1965,6/19/2015,01 Jan 1970,70-01-1,10-05-11,February 10 2013,a,2179,0.173805985
4/13/11,03/18/1967,8/9/2012,06 Nov 2018,11-12-12,07-10-33,January 01 1970,a,2180,0.2819540932
11/4/11,01/04/1968,8/9/2010,05 Nov 2015,19-03-1,01-12-16,March 12 2012,a,2181,0.4075250114
5/23/10,01/28/1966,10/31/2165,02 Jun 2016,14-06-4,09-10-11,March 11 2016,a,2182,0.3212234267
4/12/11,03/09/1967,10/31/2033,07 Jan 2017,14-07-6,09-07-15,February 09 2011,a,2183,0.0011068851
12/2/11,01/14/1968,10/1/2014,01 Jan 1970,16-11-2,04-03-17,January 01 1970,a,2184,0.7030761854
10/11/07,02/06/1965,1/2/2015,01 Jan 1970,70-01-1,01-01-70,April 04 2012,a,2185,0.3071317516
6/26/13,07/28/1968,5/27/2016,10 Jan 2014,14-08-5,03-06-12,April 04 2019,a,2186,0.1193095081
6/24/08,04/05/1965,10/31/2115,06 Nov 2011,70-01-1,05-02-10,February 11 2017,a,2187,0.8906502383
10/31/10,08/10/1966,11/20/2014,02 Nov 2016,13-10-7,04-08-13,May 08 2015,a,2188,0.2040754433
1/24/10,08/27/1965,10/3/2016,01 Jan 1970,16-04-6,10-01-14,September 08 2010,a,2189,0.1968411152
6/15/12,04/07/1968,7/10/2013,01 Jan 1970,15-02-8,07-08-12,February 10 2013,a,2190,0.6083998799
7/21/11,11/12/1967,12/26/2015,01 Jan 1970,10-02-6,04-12-12,May 12 2015,a,2191,0.4379390974
11/17/11,01/06/1968,11/20/2014,05 Jul 2015,13-04-12,07-02-12,July 04 2012,a,2192,0.3167070392
6/18/11,09/20/1967,10/31/2169,01 Jan 1970,13-02-4,08-09-10,July 08 2014,a,2193,0.933463731
9/21/09,08/05/1965,10/31/2161,07 Apr 2011,11-12-10,01-08-12,August 05 2015,a,2194,0.0754745007
11/16/08,06/11/1965,10/26/2015,01 Aug 2012,70-01-1,01-01-70,May 08 2014,a,2195,0.563880826
3/8/11,01/23/1967,2/5/2010,11 Jan 2012,14-02-1,04-10-18,May 01 2018,a,2196,0.263808146
5/9/08,03/23/1965,5/27/2014,05 May 2015,70-01-1,01-01-70,January 01 1970,a,2197,0.6347182546
5/4/09,06/30/1965,11/10/2011,07 Oct 2017,15-05-3,05-01-12,June 12 2016,a,2198,0.0886856392
5/3/11,06/12/1967,6/25/2015,01 Mar 2015,11-03-9,01-01-70,September 09 2010,a,2199,0.5059110834
5/3/10,12/06/1965,9/20/2011,01 Jan 1970,16-03-11,01-01-70,February 01 2017,a,2200,0.5394336672
12/21/10,12/10/1966,10/31/2128,01 Nov 2012,15-04-7,01-06-13,July 10 2018,a,2201,0.6971333354
4/25/11,04/30/1967,8/17/2014,10 Apr 2013,15-12-10,05-04-15,November 03 2015,a,2202,0.8195368754
2/9/08,03/03/1965,12/6/2012,11 Nov 2014,70-01-1,02-11-17,January 01 1970,a,2203,0.8957397127
11/12/07,02/18/1965,8/19/2016,09 Jul 2015,70-01-1,01-01-70,July 03 2017,a,2204,0.2189075486
7/9/11,10/15/1967,12/2/2015,10 Apr 2015,17-03-1,04-01-17,July 04 2011,a,2205,0.6558734283
8/28/08,05/03/1965,2/15/2012,06 May 2019,70-01-1,07-10-36,January 01 1970,a,2206,0.4362633624
12/28/10,01/01/1967,8/14/2014,11 Dec 2014,15-06-11,03-09-14,May 01 2015,a,2207,0.1014576232
7/12/11,10/18/1967,10/31/2054,01 Apr 2017,14-08-9,11-03-12,January 12 2017,a,2208,0.907360716
5/3/10,12/13/1965,2/7/2015,01 Jan 1970,16-09-9,11-10-12,February 04 2016,a,2209,0.7778293315
1/16/11,01/04/1967,1/26/2011,11 Feb 2013,15-06-2,09-07-11,July 04 2011,a,2210,0.1186468303
3/15/10,10/03/1965,7/1/2015,10 Aug 2013,12-12-4,01-01-18,January 09 2016,a,2211,0.9150879372
11/29/10,11/12/1966,3/10/2011,06 Aug 2018,12-04-5,08-11-15,September 05 2012,a,2212,0.8919731308
8/27/12,04/28/1968,1/7/2013,01 Jan 1970,11-08-4,01-01-70,April 12 2016,a,2213,0.8816312879
6/23/10,02/21/1966,5/20/2014,01 Jan 1970,11-09-1,07-08-14,June 04 2014,a,2214,0.7120114864
6/5/11,09/13/1967,9/3/2011,09 Mar 2014,17-02-11,08-12-15,May 03 2017,a,2215,0.7861981103
7/12/11,10/26/1967,2/13/2012,01 May 2013,12-02-8,06-04-14,December 01 2014,a,2216,0.6861438421
8/3/10,04/03/1966,10/25/2012,04 Feb 2012,12-04-4,03-10-14,March 09 2011,a,2217,0.5862536965
10/22/08,06/02/1965,3/28/2015,06 Apr 2016,70-01-1,03-04-13,March 11 2014,a,2218,0.0449240323
6/21/09,07/15/1965,10/31/2168,03 Oct 2011,17-03-4,01-01-70,January 01 1970,a,2219,0.1960156111
12/5/10,11/22/1966,8/24/2014,02 Mar 2013,11-12-12,04-09-15,August 11 2015,a,2220,0.6209599783
10/31/10,08/15/1966,3/12/2011,01 Jan 1970,11-02-4,03-10-18,May 07 2012,a,2221,0.260047998
11/13/09,08/13/1965,12/4/2015,07 Feb 2015,15-03-12,09-03-12,October 12 2011,a,2222,0.1885401019
5/15/11,07/22/1967,10/31/2031,06 May 2011,13-07-2,04-10-12,June 11 2015,a,2223,0.8743955268
4/26/11,05/21/1967,1/29/2010,03 May 2017,14-03-2,11-12-17,March 08 2014,a,2224,0.9957268453
5/23/11,08/26/1967,12/7/2013,09 May 2016,11-12-3,01-01-70,August 07 2017,a,2225,0.539279536
5/2/11,06/23/1967,10/31/2197,07 Aug 2013,18-03-10,02-12-14,September 11 2016,a,2226,0.9963609663
11/17/07,02/18/1965,10/24/2010,09 Jan 2016,70-01-1,10-11-13,August 11 2012,a,2227,0.21925804
4/25/11,05/11/1967,12/31/2010,03 Jan 2018,10-03-12,07-10-37,July 02 2012,a,2228,0.6749446727
4/29/08,03/22/1965,2/23/2014,07 Apr 2016,70-01-1,02-09-11,June 03 2017,a,2229,0.8018417325
4/26/11,05/20/1967,1/26/2015,08 Mar 2013,14-10-9,07-02-11,November 02 2015,a,2230,0.9518627716
8/19/10,04/12/1966,6/23/2015,06 Nov 2012,11-10-5,02-10-17,May 07 2017,a,2231,0.855346075
4/22/12,03/10/1968,10/31/2108,03 Feb 2012,10-06-8,06-12-12,April 11 2011,a,2232,0.0456844054
7/9/08,04/09/1965,4/16/2011,10 Nov 2011,70-01-1,10-02-16,August 03 2011,a,2233,0.6188958768
7/30/11,11/26/1967,7/5/2012,03 Apr 2011,11-06-10,08-01-11,December 03 2011,a,2234,0.3507716237
6/6/11,09/15/1967,1/14/2015,01 Jan 1970,15-08-11,01-01-70,July 09 2015,a,2235,0.1189088829
9/30/10,06/27/1966,2/19/2016,05 Nov 2016,18-06-7,01-01-70,December 07 2012,a,2236,0.3482037268
10/13/07,02/07/1965,7/2/2014,04 Aug 2017,70-01-1,03-03-14,May 12 2014,a,2237,0.5756375223
12/7/11,01/29/1968,10/31/2049,10 Jul 2025,18-01-8,07-10-13,April 02 2014,a,2238,0.9393557421
7/23/10,03/08/1966,5/16/2014,11 Nov 2014,11-02-6,09-06-17,January 01 2014,a,2239,0.6059211441
4/28/11,05/29/1967,11/9/2012,01 Jan 1970,10-02-4,12-09-17,November 01 2012,a,2240,0.3201971886
11/4/10,08/22/1966,10/31/2053,09 Feb 2018,12-02-1,07-04-13,January 01 1970,a,2241,0.6663644008
12/7/10,11/26/1966,1/6/2017,10 Mar 2016,13-05-2,11-02-15,November 09 2015,a,2242,0.1763223054
3/26/11,02/19/1967,3/31/2011,01 May 2015,13-02-11,02-02-17,April 07 2011,a,2243,0.5600892718
9/21/09,08/03/1965,7/14/2014,01 Jun 2016,17-12-9,11-11-14,November 04 2015,a,2244,0.8092032072
4/7/10,11/06/1965,1/15/2016,06 Jan 2017,13-01-2,02-02-14,February 03 2014,a,2245,0.7574322128
7/5/11,10/11/1967,10/18/2015,09 Feb 2013,12-02-4,01-01-70,April 03 2015,a,2246,0.0081655796
7/22/08,04/12/1965,9/22/2014,06 May 2018,70-01-1,07-10-30,February 07 2015,a,2247,0.6939729595
7/18/11,11/08/1967,5/13/2010,01 Jan 1970,11-05-3,03-02-14,July 04 2014,a,2248,0.2338172196
5/7/13,06/15/1968,11/2/2016,04 Feb 2016,12-09-3,05-04-14,January 04 2015,a,2249,0.2195229751
12/22/08,06/13/1965,8/24/2014,10 Jul 2020,70-01-1,06-07-14,June 01 2017,a,2250,0.0130628014
9/28/10,06/11/1966,10/31/2172,04 Jul 2011,17-06-8,01-01-70,April 07 2013,a,2251,0.9059387315
10/31/07,02/15/1965,10/17/2010,12 Feb 2010,70-01-1,01-03-16,January 01 1970,a,2252,0.8476373919
8/19/10,04/13/1966,12/3/2012,04 Jul 2014,12-09-9,09-03-18,March 09 2013,a,2253,0.8465525533
5/16/10,01/20/1966,9/15/2012,11 Mar 2015,12-04-11,05-02-14,December 03 2015,a,2254,0.5018197975
7/4/07,01/29/1965,5/15/2013,03 Sep 2014,28-07-10,02-05-15,June 08 2015,a,2255,0.6793195951
11/4/10,08/22/1966,7/27/2010,05 Sep 2016,19-01-7,01-04-15,March 11 2017,a,2256,0.5002621278
7/3/11,09/28/1967,8/9/2011,03 Jun 2015,17-11-9,05-08-12,May 07 2013,a,2257,0.963743211
5/30/11,09/04/1967,10/31/2151,11 May 2016,14-07-1,11-02-15,April 03 2017,a,2258,0.0455585941
8/19/10,04/20/1966,10/31/2026,08 Jul 2012,13-05-4,01-11-14,March 11 2014,a,2259,0.2727780346
5/30/10,02/07/1966,10/31/2140,11 Apr 2012,15-03-9,12-10-16,February 01 2015,a,2260,0.692703099
4/5/11,02/23/1967,1/17/2012,05 Jun 2017,12-03-6,04-11-16,January 01 1970,a,2261,0.1750641882
7/16/10,03/04/1966,4/20/2015,11 Feb 2016,15-06-7,11-03-13,April 01 2019,a,2262,0.1585777317
3/28/13,05/28/1968,5/30/2012,08 Sep 2010,10-09-11,06-10-12,January 02 2014,a,2263,0.0871066407
5/4/10,01/05/1966,9/13/2011,06 Feb 2012,11-12-8,06-03-15,February 08 2018,a,2264,0.2919982698
5/18/11,08/13/1967,3/21/2017,04 May 2010,12-03-5,01-03-18,October 01 2014,a,2265,0.6199221668
2/20/13,05/25/1968,6/28/2011,11 Jun 2015,11-10-11,08-02-18,October 12 2012,a,2266,0.7282695444
11/20/10,09/15/1966,10/16/2012,10 Jul 2022,12-05-9,01-01-70,November 09 2013,a,2267,0.7439872037
11/5/10,08/23/1966,6/8/2011,10 May 2011,11-04-11,05-02-11,March 04 2016,a,2268,0.2567498871
4/15/11,03/20/1967,4/7/2013,06 Nov 2017,15-04-9,01-11-15,November 07 2014,a,2269,0.3161765293
2/6/10,09/17/1965,6/30/2013,12 May 2010,12-12-3,02-06-10,April 09 2013,a,2270,0.4290717561
11/27/10,10/29/1966,1/16/2017,01 Jan 1970,12-03-7,04-05-12,July 10 2031,a,2271,0.0314256591
11/27/10,10/08/1966,10/31/2193,02 Mar 2014,17-03-8,01-01-70,January 01 1970,a,2272,0.6736256599
8/18/08,04/27/1965,8/3/2011,12 Sep 2015,70-01-1,10-07-13,February 03 2017,a,2273,0.8646933144
5/9/10,01/11/1966,9/26/2016,06 Feb 2011,18-06-4,01-09-15,January 01 1970,a,2274,0.2293943764
5/15/13,06/19/1968,10/31/2019,12 Jun 2012,14-05-2,03-03-18,January 01 1970,a,2275,0.7933207118
4/18/10,11/18/1965,12/23/2016,03 Aug 2016,12-06-10,03-10-10,November 05 2014,a,2276,0.3838568803
3/21/10,10/12/1965,3/27/2013,01 May 2012,15-09-2,01-02-12,April 10 2015,a,2277,0.5215742106
3/9/12,02/25/1968,1/23/2011,10 Apr 2018,14-11-5,08-07-17,February 11 2016,a,2278,0.9740211055
9/11/09,07/28/1965,12/20/2014,08 Apr 2016,16-04-3,04-01-14,August 05 2014,a,2279,0.8111994722
4/14/09,06/22/1965,11/2/2013,03 Feb 2017,70-01-1,10-06-12,December 08 2011,a,2280,0.4205245058
9/10/10,05/25/1966,8/30/2014,04 Mar 2013,16-02-6,11-04-13,October 11 2013,a,2281,0.5058977814
4/20/08,03/19/1965,9/7/2015,03 Feb 2015,70-01-1,07-12-13,July 05 2015,a,2282,0.4535978865
7/7/11,10/12/1967,10/24/2014,09 Dec 2013,14-06-1,01-01-70,January 07 2015,a,2283,0.3195842808
10/1/10,07/01/1966,9/14/2010,02 Jun 2018,16-05-5,02-08-14,November 12 2017,a,2284,0.7197334041
10/20/09,08/12/1965,3/14/2012,10 Aug 2013,17-01-12,01-01-70,February 09 2018,a,2285,0.3176347505
8/17/08,04/26/1965,10/31/2101,01 Jan 1970,70-01-1,01-01-70,March 03 2014,a,2286,0.5667744414
5/30/10,02/09/1966,5/17/2014,09 Nov 2012,14-01-1,10-08-12,January 10 2010,a,2287,0.0815330897
11/29/10,11/05/1966,9/25/2013,01 Jan 1970,13-01-2,07-04-13,April 07 2017,a,2288,0.9528947464
11/29/10,11/10/1966,10/1/2010,03 Nov 2015,16-08-2,04-06-14,March 09 2012,a,2289,0.9522849353
8/19/10,04/20/1966,10/31/2092,07 Jan 2012,13-05-1,05-04-16,April 10 2012,a,2290,0.8391931631
11/18/10,09/12/1966,4/8/2011,03 Apr 2018,15-05-5,04-06-15,February 07 2015,a,2291,0.9231935704
9/13/10,05/28/1966,6/16/2016,11 Jan 2015,16-09-9,02-11-16,December 07 2016,a,2292,0.1854995518
6/2/08,03/31/1965,2/28/2012,10 Jun 2011,70-01-1,01-01-70,April 03 2016,a,2293,0.7848364646
9/5/07,02/04/1965,9/25/2014,09 Mar 2014,70-01-1,09-09-15,February 04 2012,a,2294,0.5815881251
4/21/11,04/05/1967,1/13/2015,08 Oct 2012,11-05-7,11-06-11,October 08 2011,a,2295,0.8392301977
10/18/08,05/25/1965,9/29/2014,11 Jan 2014,70-01-1,05-06-11,May 05 2016,a,2296,0.7388577938
12/22/10,12/23/1966,7/23/2014,07 Apr 2013,15-04-12,08-07-13,January 01 1970,a,2297,0.9033188614
9/4/08,05/12/1965,5/31/2013,07 Jan 2019,70-01-1,12-03-15,July 10 2033,a,2298,0.5031910907
3/3/11,01/17/1967,6/3/2010,01 Jun 2014,15-01-9,01-01-70,May 01 2012,a,2299,0.6426677822
7/29/10,03/22/1966,3/4/2017,11 Jun 2015,15-12-8,03-07-12,January 04 2015,a,2300,0.2891878243
5/13/13,06/17/1968,4/3/2017,10 Mar 2012,17-10-12,06-10-16,October 02 2016,a,2301,0.2445962737
5/17/09,07/06/1965,1/7/2017,08 Jan 2012,15-04-5,05-07-11,June 02 2018,a,2302,0.7314701613
12/13/09,08/17/1965,1/9/2014,01 Jun 2013,11-02-9,01-01-70,September 11 2013,a,2303,0.5434783631
5/12/11,07/10/1967,10/28/2016,08 Jul 2017,10-04-3,03-09-13,June 06 2017,a,2304,0.7836191998
1/17/13,05/22/1968,2/24/2017,01 Jan 1970,19-04-1,11-09-17,January 01 1970,a,2305,0.2858128887
6/1/08,03/30/1965,9/13/2014,08 Apr 2013,70-01-1,02-07-14,January 01 2013,a,2306,0.1441926361
5/16/11,07/26/1967,6/22/2013,01 Jan 1970,10-08-11,01-01-70,April 06 2010,a,2307,0.9017472967
4/10/11,03/04/1967,10/31/2133,06 Apr 2011,14-10-1,06-10-16,January 01 1970,a,2308,0.0155408289
4/9/11,03/02/1967,11/21/2011,04 Feb 2013,10-10-8,01-01-70,November 04 2010,a,2309,0.9450780234
5/1/11,06/03/1967,1/29/2016,02 Apr 2013,18-08-1,07-06-16,February 01 2014,a,2310,0.8570405747
1/16/13,05/21/1968,5/24/2014,07 Jun 2018,14-11-11,09-11-12,October 10 2014,a,2311,0.0013915653
11/4/11,01/04/1968,11/5/2014,01 Aug 2011,17-05-7,03-08-17,September 08 2010,a,2312,0.0180670662
3/5/08,03/05/1965,1/30/2011,01 Jan 1970,70-01-1,02-07-15,March 03 2017,a,2313,0.5030474394
5/25/11,08/30/1967,12/9/2014,03 Apr 2015,15-09-2,07-03-13,January 01 1970,a,2314,0.4646939927
3/2/11,01/13/1967,2/17/2015,01 Jan 1970,14-05-6,01-01-13,June 06 2017,a,2315,0.4925866524
12/22/10,12/31/1966,4/29/2012,02 Mar 2013,13-05-3,01-01-70,January 01 1970,a,2316,0.9959403438
9/17/07,02/06/1965,11/18/2014,10 Jul 2019,70-01-1,01-07-15,March 03 2014,a,2317,0.5733155195
5/2/10,11/23/1965,3/16/2017,11 Mar 2012,15-08-5,08-11-15,February 08 2014,a,2318,0.0011334132
10/11/07,02/06/1965,2/19/2010,10 Jul 2023,70-01-1,12-03-11,March 01 2013,a,2319,0.1450161366
12/20/10,12/10/1966,11/8/2016,08 May 2015,15-12-8,04-02-15,July 05 2015,a,2320,0.1808978942
9/29/10,06/21/1966,3/28/2014,06 Feb 2017,17-08-2,08-10-13,November 10 2012,a,2321,0.7110764111
4/24/11,04/12/1967,10/31/2059,07 Oct 2015,12-02-5,07-09-12,January 01 1970,a,2322,0.8829533914
2/5/10,09/12/1965,5/8/2014,06 Jun 2015,13-01-2,06-05-17,January 01 1970,a,2323,0.0149683369
9/18/12,05/11/1968,3/20/2016,12 Dec 2013,16-08-10,07-01-13,June 06 2015,a,2324,0.9917501391
4/13/11,03/17/1967,5/1/2015,01 Oct 2014,11-06-9,10-09-12,July 10 2017,a,2325,0.3382549017
3/30/10,10/23/1965,4/19/2012,01 Jan 1970,17-03-5,01-01-70,August 04 2017,a,2326,0.6827913526
12/7/10,11/28/1966,10/27/2016,10 Jul 2014,11-03-9,01-07-12,October 02 2014,a,2327,0.2017274214
5/5/10,01/11/1966,10/31/2122,10 Feb 2013,17-08-4,04-04-19,February 11 2016,a,2328,0.4626169269
1/16/13,05/21/1968,11/4/2011,01 Jan 1970,13-02-10,01-01-70,November 02 2015,a,2329,0.3352144054
5/30/11,09/07/1967,1/1/2014,12 Nov 2017,18-02-9,02-04-16,July 09 2014,a,2330,0.6552862681
5/3/10,12/28/1965,9/9/2015,06 Jan 2013,15-07-1,02-10-13,February 04 2011,a,2331,0.0492808345
12/13/11,01/30/1968,9/21/2015,07 Jul 2011,18-05-12,01-01-70,February 06 2016,a,2332,0.9511534658
5/8/11,06/28/1967,9/29/2013,01 Jan 1970,15-07-9,06-04-10,May 07 2013,a,2333,0.4037058608
